-80;-70;-60;-50;-40;-30;-20;-10;0;10;20;30;40;50;60
-10.22;-16.39;-11.31;-10.27;-18.94;-20.12;-55.13;-5.69;-7.12;-8.03;-9.76;-44.76;-2.98;-5.01;-5.39
-8.8;-15.2;-12.26;-6.63;-18.58;-21.02;-52.76;-4.12;-7.51;-6.97;-13.57;-41.86;-0.95;-6.07;-3.03
-12.65;-13.95;-11.63;-7.02;-15.64;-23.13;-53.35;-4.6;-6.19;-7.05;-13.96;-48.33;-3.59;-5.44;-4.23
-15.94;-12.18;-11.31;-7.59;-15.94;-23.95;-58.55;-3.66;-6.57;-7.82;-11.83;-43.84;-4.75;-3.37;-7.88
-18.5;-15.49;-12.38;-6.79;-19.11;-24.32;-56.08;-1.1;-4.88;-7.44;-12.67;-50.23;-3.51;-2.97;-5.08
-18.56;-16.35;-9.34;-9.7;-16.11;-27.97;-52.88;-0.45;-3.08;-7.44;-13.4;-50.17;-2.79;-4.47;-4.45
-12.1;-15.53;-8.8;-7.83;-13.53;-25.63;-54.89;-1.99;-1.28;-10;-12;-51.03;-7.38;-5.67;-3.89
-11.17;-17.38;-8.24;-7.97;-10.21;-22.6;-52.86;-6.12;-3.1;-7.88;-10.92;-54.32;-9.02;-4.44;-0.96
-15.28;-17.36;-8.59;-9.64;-8.94;-19.62;-53.21;-6.06;-3.61;-7.33;-11.44;-63.03;-8.75;-3.27;-0.97
-18.84;-13;-7.94;-10.03;-8.86;-18.21;-59.98;-5.55;-4.45;-8.14;-10.55;-66.14;-9.13;-5.07;-0.4
-15.82;-13.7;-7.76;-10.52;-8.8;-21.23;-62.84;-3.73;-4.54;-5.86;-14.13;-64.09;-10.79;-2.35;0.1
-14.64;-13.45;-7.12;-15.49;-4.34;-25.44;-61.55;-3.3;-3.8;-6.46;-18.73;-59.55;-12.66;-1.41;-0.62
-12.82;-13.27;-6.84;-15.72;-4.07;-20.57;-56.78;-4.23;-4.12;-5.85;-22.66;-57.36;-10.14;0.82;-0.74
-10.81;-13.2;-6.45;-12.42;-2.84;-17.99;-53.54;-3.79;-5.24;-5.35;-21.39;-56.84;-9.99;0.25;-3.3
-9.47;-14.09;-5.72;-9.04;-1.24;-21.67;-51.26;-5.07;-3.78;-6.86;-18.79;-54.98;-10.11;-0.84;-2.9
-10.57;-11.14;-5.44;-9.04;-0.35;-25.16;-48.94;-6.07;-2.33;-6.6;-15.21;-59.17;-8.32;-3.49;-0.86
-14.3;-10.21;-5.57;-9.26;-1.32;-24.1;-44.33;-5.25;-2.33;-5.02;-17.58;-55.17;-11.43;-1.61;-1.63
-15.03;-11.31;-6.93;-8.63;-3.53;-23.35;-51.84;-5.06;-4.03;-6.44;-16.58;-41.84;-8.48;-1.76;-3.21
-15.18;-12.33;-8.99;-8.35;-5.06;-26.09;-56.2;-5.5;-6.03;-7.98;-20.31;-45.09;-9.64;0.64;-4.5
-14.6;-11.64;-8.32;-9.92;-4.92;-29.62;-49;-3.43;-4.28;-8.35;-21.97;-41.84;-11.45;-5.12;-4.73
-14.65;-10.34;-6.28;-10.47;-3.61;-26.72;-51.07;-5.32;-5.63;-9.17;-18.64;-44.81;-9.72;-7.09;-3.7
-16.55;-11.56;-6.96;-7.69;-3.98;-20.59;-54.74;-6.43;-6.51;-9.98;-15.49;-41.06;-11.38;-7.7;-5.2
-16.32;-12.03;-8.88;-6.58;-5.16;-24.28;-55.26;-7.93;-8.35;-9.59;-15.05;-40.77;-8.6;-7.89;-7.14
-12.8;-14.17;-8.3;-8.4;-3.35;-28.65;-54.69;-8.87;-7.48;-8.14;-16.84;-43.4;-7.43;-6.53;-7.79
-13.56;-16.52;-8.99;-9.32;-3.16;-32.11;-47.62;-6.63;-6.56;-10.37;-20.77;-46.27;-8.79;-5.19;-7.12
-13.65;-15.42;-9.72;-10.02;-2.09;-31.8;-50.05;-8.73;-6.09;-10.36;-20.77;-41.84;-10.65;-7.26;-8.94
-12.42;-16.62;-11.21;-11.92;-5.72;-33.52;-61.9;-6.73;-7;-9.45;-18.3;-35.12;-7.65;-11.18;-8.77
-10.63;-13.97;-10.49;-12.76;-9.24;-34.24;-49.94;-9.02;-11.11;-9.09;-20.72;-37.83;-7.9;-10.41;-8.14
-11.64;-13.08;-12.35;-12.89;-8.74;-31.85;-55.73;-8.49;-10.71;-9.31;-17.71;-42.13;-8.07;-9.16;-6.78
-13.13;-12.84;-11.97;-10.9;-7.72;-30.95;-62.57;-8.39;-9.04;-10.1;-13.97;-48.25;-6.47;-7.58;-8.49
-12.96;-11.74;-15.12;-12.87;-8.62;-27.78;-66.95;-9.34;-8.72;-11.28;-18.75;-38.23;-7.93;-7.42;-9.04
-12.32;-11.15;-14.42;-8.92;-10.91;-26.8;-62.92;-8.76;-8.31;-11.99;-19.07;-44.55;-10.35;-10.76;-7.67
-8;-12.49;-12.27;-10.34;-15.54;-19.79;-68.86;-7.36;-8.5;-9.49;-18.43;-47.12;-5.18;-11.4;-6.99
-6.07;-17.31;-8.82;-12.41;-15.06;-20.78;-73.15;-10.1;-8.9;-9.19;-16.01;-56.88;-3.55;-8.99;-5.63
-5.58;-12.99;-7.56;-10.61;-15.86;-20.03;-65.37;-13.05;-6.76;-10.61;-19.34;-49.34;-5.26;-8.36;-8.89
-10.09;-12.71;-8.94;-9.34;-16.28;-18.23;-67.04;-12.15;-6.97;-9.89;-21.67;-45.02;-3.65;-9.39;-8.25
-9.8;-13.64;-11.33;-9.29;-14.83;-19.65;-70.16;-13.93;-6.12;-10.51;-19.86;-54.58;0.48;-8.72;-6.48
-9.52;-12.33;-8.92;-9.25;-11.28;-19.64;-68.02;-10.36;-5.61;-9.31;-21.62;-51.54;0.78;-8.74;-4.02
-9.5;-12.28;-8.41;-9.57;-8.08;-25.14;-66.86;-9.04;-4.37;-7.72;-23.81;-48.44;0.86;-8.09;-6.47
-7.01;-11.31;-8.76;-8.74;-8.75;-26.06;-68.29;-8.66;-4.62;-9.89;-24.79;-46.51;-1.24;-6.49;-9.27
-4.89;-14.61;-7.39;-9.76;-13.07;-22.07;-68.19;-9.62;-5.48;-10.41;-26.35;-55.42;-5.47;-7.94;-6.7
-4.02;-17.61;-7.45;-8.71;-14.04;-21.7;-72.86;-11.14;-2.96;-8.57;-25.59;-55.07;-2.59;-6.85;-3.59
-4.45;-14.52;-9.01;-8.35;-10.84;-19.92;-73.37;-8.88;-5.37;-10.03;-23.35;-51.3;-1.45;-5.64;-4.43
-4.28;-15.11;-9.31;-6.09;-9.01;-20.96;-67.83;-8.76;-6.01;-11.24;-25.42;-53.69;-1.91;-6.07;-3.91
-6.62;-12.44;-7.97;-8.82;-8.92;-28.01;-70.97;-11.28;-7.87;-9.13;-26.14;-58.41;-3.67;-8.89;-5.11
-7.6;-13.8;-6.19;-9.55;-10.33;-32.78;-69.35;-9.97;-5.35;-5.64;-27.14;-62.58;-8.1;-8.29;-5.07
-9.36;-14.15;-7.18;-7.9;-10.49;-27.79;-64.41;-9.57;-5.26;-4.97;-25;-56.01;-6.39;-5.63;-4.25
-7.34;-14.58;-7.86;-6.38;-7.94;-24.65;-63.51;-10.7;-7.34;-8.54;-27.55;-49.54;-5.59;-3.84;-3.79
-4.63;-11.99;-7.35;-6.16;-7.01;-23.74;-59.18;-9.1;-6.03;-4.27;-27.94;-50.7;-6.66;-3.85;-2.67
-8.11;-11.98;-6.51;-5.64;-9.09;-19.92;-58.31;-13.79;-5.79;-3.13;-29.16;-50.9;-6.44;-5.48;-1.17
-10.33;-12.79;-4.29;-3.73;-6.5;-11.19;-44.94;-3.26;7.72;8.86;-9.53;-27.11;5.39;15;16.04
-9.91;-7.86;5.01;6.78;8.7;11.58;7.7;29.13;43.37;50.79;66.3;74.93;54.65;87.96;80.23
-9.86;-6.08;3.86;9.21;12.53;15.54;17.45;30.93;42.14;51.17;60.05;97.77;85.93;113.92;141.68
-10.64;-6.22;-0.42;7.38;10.43;8.52;8.71;23.3;32.26;42.24;61.4;125.25;158;224.09;302.03
-9.18;-7.18;0.38;4.45;10.65;2.72;2.52;16.57;25.07;57.82;105.29;218.74;305.27;423.2;551.33
-7.25;-7.4;-1.52;1.77;7.66;-0.45;-2.17;15.49;31.3;99.06;174.4;339.42;479.25;623.26;767.6
-6.9;-7.97;-3.63;-0.42;6.96;-0.37;-1.79;17.59;50.72;159.34;260.52;468.8;639.1;773.9;927.59
-8.89;-8.15;-2.29;-1.22;5.44;-1.41;-1.81;20.56;83.65;221.21;347.33;575.17;741.36;878.3;1029.8
-10.01;-7.03;-1.9;-1.2;4.75;-3.62;-2.51;27.54;116.8;274.14;434.99;668.19;820.45;947.39;1077.13
-9.59;-5.65;-2.07;-3.06;5.04;-4.61;1.4;42.27;159.56;332.11;513.15;732.48;877.14;982.04;1117.29
-7.29;-7.91;-2.27;-3.2;4.86;-0.7;-0.14;56.31;192.84;398.77;560.37;775.85;924.94;1017.27;1159.2
-7.67;-8.52;-0.86;-2.73;4.95;0.62;0.64;66.06;227.58;446.03;619.15;799.41;948.4;1046.25;1175.95
-7.41;-8.27;-1.96;-3.26;3.51;-0.52;3.21;75.47;263.27;485.9;663.44;830.33;970.47;1054.15;1191.87
-5.94;-7.52;-4.99;-2.33;2.65;-2.97;5.44;88.45;301.52;521.33;688.85;857.65;1002.16;1084.08;1200.73
-8.11;-6.79;-7.09;-3.04;1.42;-7.23;6.45;107.01;332.86;553.22;713.51;888.97;1018.05;1113.02;1221.24
-8.06;-6.92;-7.5;-3.41;-2.63;-6.85;3.87;118.65;355.84;573.77;730.45;899.77;1033.72;1127.3;1243.69
-5.62;-4.92;-4.57;-2.58;-2.67;-4.47;4.97;124.94;372.44;594.75;751.85;914.55;1053.47;1135.83;1261.67
-7.38;-6.18;-3.5;-5.43;-3.13;-3.16;8.52;136.22;388.21;625.29;779.35;920.01;1061.29;1153.21;1270.86
-8.37;-8.33;-5.18;-6.35;-2.5;-4.61;12.2;149.24;408.82;639.52;784.63;930.13;1063.74;1167.82;1272.4
-11.95;-10.61;-5.61;-4.87;-3.16;-7.4;13.64;157.89;424.97;649.67;789.57;932.05;1073.48;1183.77;1278.45
-11.97;-10.46;-6.34;-4.52;-4.87;-4.44;14.64;167.22;445.54;658.88;790.29;926.99;1069.86;1183.85;1276.54
-12.03;-9.27;-5.65;-2.14;-3.52;-5.41;14.27;174.69;465.6;668.79;792.59;934.91;1063.43;1169.22;1283.12
-7.07;-8.52;-6.34;-1.42;-3.03;-9.58;15.07;182.76;472.86;678.94;800.6;953.68;1063.46;1151.67;1282.38
-5.87;-9.78;-5.75;-0.34;-3.82;-8.76;17.43;191.86;480.53;696;805.41;974.99;1075.72;1152.51;1285.77
-5.24;-5.98;-4.2;-5.06;-6.78;-4.95;19.12;204.38;495.38;696.58;806.83;976.85;1076.32;1180.21;1297.75
-6.32;-6.39;-5.19;-5.4;-6.63;-4.71;21.48;210.03;502.15;708.55;807.41;975.03;1082.56;1189.61;1301.69
-3.75;-8.41;-5.32;-4.97;-6.05;-6.34;22.89;218.47;515.42;726.14;812.45;981.12;1092.24;1200.32;1307.41
-6.06;-11.63;-4.62;-4.8;-5.6;-3.93;23.8;228.23;524.32;732;820.4;991.26;1105.33;1202.24;1306.26
-10.55;-11.85;-4.47;-2.73;-4.07;-5.78;25.7;229.07;533.89;731.18;824.27;978.28;1111.59;1190.37;1306.93
-10.68;-9.28;-5.93;-5.39;-5.73;-5.88;23.58;238.51;529.67;724.17;829.04;982.17;1102.85;1197.54;1304.04
-8.77;-12.6;-7.52;-7.04;-5.94;-2.38;23.73;244.11;532.74;728.3;844.69;984.15;1107.84;1203.02;1305.13
-10.21;-12.96;-8.93;-7.08;-4.63;-3.23;25.18;250.4;540.28;729.39;853.74;977.95;1097.33;1205.94;1300.79
-6.82;-11.39;-7.3;-8.7;-3.01;-3.13;25.69;257.27;545.07;725.01;851.37;988.5;1103.18;1210.72;1301.06
-8.22;-12.04;-10.26;-4.88;-2.76;-3.05;28.09;266.01;548.35;733.33;843.17;977.62;1110.95;1212.49;1297.15
-6.2;-12.34;-8.95;-4.42;-1.63;-2.53;31;275.25;557.73;744.5;843.86;974.55;1116.14;1206.42;1294.37
-6.01;-10.77;-6.38;-5.32;-2.89;-1.1;30.89;276.38;562.58;751.45;848.72;982.37;1092.03;1203.09;1295.76
-7.18;-12.57;-6.05;-2.94;-3.63;0.46;27.94;284.49;573.51;756.61;855.98;975.97;1075.74;1203.85;1294.27
-8.12;-10.13;-7.39;-2.06;-3.25;-0.6;34.29;291.81;581.38;745;860.47;985.92;1093.12;1196.96;1283.99
-7.14;-10.21;-4.04;-2.59;-2.78;-2.88;34.07;297.51;590.46;738.21;854.02;986.16;1099.07;1187.41;1294.11
-9.99;-11.04;-2.83;-3.17;-1.98;-1.62;33.29;302.04;591.26;752.26;861.76;988.11;1097.59;1191.21;1292.77
-11.48;-10.31;-3.66;-4.07;-2.43;-1.32;32.06;302.88;591.65;766.59;865.98;990.5;1106.22;1190.32;1281.33
-11.16;-8.09;-2.01;-2.14;-0.46;-2.98;32.75;306.6;591.85;765.15;860;988.44;1100.26;1183.43;1282.1
-9.44;-8.5;-4.08;-2.75;1.94;-2.35;36.8;312.62;584.29;768.04;859.89;990.46;1122.33;1187.57;1290.92
-8.53;-12.02;-5.94;-4.09;1.47;1.11;40.3;312.41;582.85;755.69;858.3;998.32;1122.67;1176.42;1288.63
-4.94;-8.83;-7.53;-3.83;1.08;-1.11;38.94;317.53;577.59;740.12;854.83;1000.49;1115.47;1189.19;1283.13
-7.39;-7.8;-7.03;-3.96;0.3;0.66;37.21;325.62;578.34;744.59;847.28;997.66;1105.55;1189.57;1291.18
-9.3;-7.91;-5.78;-5.33;3.64;-0.85;40.44;325.32;588.08;747.26;856.64;983.92;1104.95;1190.2;1283.22
-8.35;-10.47;-8.75;-6.47;1.21;-3.97;40.88;325.14;597.82;753.76;849.98;977.44;1095.84;1194.72;1276.67
-9.48;-9.49;-9.78;-7.18;1.39;-8.46;39.5;321.89;595.03;753.71;847.7;982.93;1091.82;1181.45;1280.11
-10.99;-6.95;-10.29;-6.48;1.18;-8.5;45.65;324.56;587.48;747.19;848.51;974.9;1094.19;1186.02;1279.62
-10.75;-8.05;-6.71;-7.46;1.72;-5.32;53.05;327.63;588.83;749.35;852.78;978.32;1084.11;1178.71;1268.93
-8.71;-7.68;-7.31;-7.7;4.83;-5.51;51.11;328.48;590.55;748.95;852.03;979.46;1086.37;1172.6;1271.08
-8.51;-6.96;-8.51;-5.82;1.55;-8.64;53.39;334.16;598.55;763.26;850.88;981.32;1088.39;1172.96;1269.04
-10.56;-9.18;-8.66;-4.53;-1.11;-6.57;57.57;338.73;593.04;760.68;848.83;981.41;1088.51;1181.26;1272.82
-11.12;-5.92;-10.46;-5.39;-2.16;-5.16;56.11;350.56;600.47;766.47;851.35;980.74;1099.82;1183.89;1267.27
-10.56;-8.13;-8.81;-7.72;-1.11;-1.94;59.78;353.01;603.96;769.53;854.95;983.21;1109.24;1183.2;1258.72
-8.25;-10.17;-10.03;-8.67;-0.59;-2.47;57.55;347.88;594.82;764.13;855.17;979.34;1106.83;1179.98;1253.3
-8.67;-10.93;-11.26;-9.98;-1.13;0.08;61.32;341.84;588.31;744.82;846.06;967.61;1097.1;1171.91;1256.5
-8.32;-13.77;-10.36;-8.65;-1.8;-1.25;66.36;348.82;592.63;733.93;854.91;977.71;1080.91;1157.22;1253.19
-8.15;-11.67;-11.51;-4.58;-3.46;-4.91;61.14;355.13;600.97;742.71;856.25;975.52;1084.77;1155.7;1238.6
-8.56;-10.86;-10.38;-3.68;-7.18;-7.66;57.19;354.82;612.43;747.56;858.53;969.3;1077.1;1160.99;1230.99
-8.54;-11.36;-10.19;-5;-3.73;-5.47;56.63;360.86;611.52;751.74;861.21;966.7;1067.38;1155.47;1229.02
-9.34;-8.71;-9.06;-8.5;-2.6;-7.56;61.18;355.76;600.95;753.47;864.01;957.06;1074.22;1157.65;1237.59
-7.69;-12.3;-9.07;-5.87;-2.23;-6.92;61.17;352.13;606.5;754.86;858.67;962.42;1072.58;1164.01;1243.72
-9.3;-13.52;-9.01;-5.26;-5.82;-7.27;64.27;353.78;604.09;751.17;849.61;961.61;1073.75;1166.27;1241.61
-10.29;-13.67;-8.27;-5.12;-7.19;-7.75;66.12;354.75;601.41;749.5;850.41;952.75;1074.76;1161.97;1237.35
-5.56;-12.78;-7.34;-5.1;-7.15;-6.54;70.14;358.03;596.56;740.18;833.4;954.46;1076.3;1163.41;1248.51
-6.19;-12.77;-7.64;-6.14;-5.68;-4.9;70.91;363.33;595.5;741.05;821.33;959.92;1073.03;1161.95;1250.84
-5.28;-11.65;-8.58;-6.78;-6.34;-5.23;69.3;365.65;602.58;749.47;834.21;959.2;1078.88;1158.11;1245.63
-5.68;-12.53;-8.75;-7.22;-5.16;-3.59;70.42;364.91;605.16;753.16;838.73;939.79;1079.28;1155.78;1243.05
-7.41;-12.73;-6.23;-5.74;-6.87;-1.49;74.39;367.34;604.29;745.37;831.29;948.9;1059.4;1155.65;1244.53
-9.98;-9.6;-5.85;-5.16;-4.97;-0.66;72.96;371.02;612.28;741.6;827.32;957.37;1050.9;1146.99;1245.9
-9.9;-10.06;-7.16;-8.59;-3.92;0.1;72.95;366.04;615.69;740.9;823.68;946.42;1047.6;1143.37;1227.05
-9.94;-12.53;-3.89;-5.94;-4.17;0.17;74.93;368.76;625.47;744.91;827.06;940.43;1050.49;1144.58;1223.37
-8.15;-15.67;-3.83;-5.33;-5.26;-1.4;81.19;377.23;621.82;747.28;821.91;942.63;1043.11;1150.73;1237.56
-8.5;-11.94;-2.89;-4.13;-4.39;-0.09;85.02;378.02;616.81;755.67;819.43;940.17;1046.09;1145.98;1232.48
-8.16;-9.91;-3.73;-3.13;-1.41;1.43;79.37;375.18;613.22;747.11;818.08;930;1039.51;1150.34;1241.94
-8.88;-12.94;-4.15;-4.67;-2.67;3.02;77.2;371.43;604.16;741.92;816.29;922.72;1041.64;1148.58;1247.98
-8.78;-14.23;-4.15;-3.72;-3.39;0.16;75.2;377.45;602.19;745.16;820.71;916.99;1046.65;1153.97;1241.91
-6.13;-13.43;-7.06;-3.43;-4.36;-2.71;75.17;376.56;601.4;740.22;816.3;916.8;1045.23;1156.63;1230.7
-5.75;-14.07;-5.05;-5.87;-1.84;0.91;76.08;374.47;606.06;738.14;807.91;913.03;1043.17;1153.08;1241.4
-8.54;-15.54;-2.52;-5.08;-0.81;2.39;79.37;370.97;603.24;735.54;809.05;909.92;1037.05;1151.57;1226.1
-8.56;-11.89;-3.58;-5.94;-2.4;1.26;76.52;380;605.08;744.31;807.81;914.51;1027.82;1158.36;1221.03
-7.3;-9.91;-6.91;-5.06;-0.77;0.85;77.96;375.67;607.14;749.8;808.29;907.81;1024.54;1153.13;1228.15
-8.49;-11.4;-7.2;-2.99;-0.3;-1.24;83.03;373.84;614.74;736.76;808.03;913.78;1027.08;1136.63;1228.33
-9.09;-8.98;-4.11;-4.59;2.14;-2.73;81.68;373.02;618.64;730.43;805.5;914.37;1020.46;1150.7;1214.84
-10.2;-6.26;-4.98;-3.74;1.1;3.92;78.93;372.18;615.67;742.44;801.03;930.23;1025.72;1149.91;1218.47
-11.41;-5.65;-5.49;-5.61;-1.62;1.44;79.97;370.94;615.31;741.26;801.25;934.72;1025.23;1144.45;1204.69
-12.88;-8.94;-5.67;-6.94;-1.3;1.93;81.44;376.33;621.48;737.9;791.96;926.99;1033.12;1140.19;1177.77
-13.19;-7.99;-5.74;-6.73;1.14;1.74;80.75;383.46;617.23;746.83;787.84;921.73;1032.37;1143.54;1197.1
-9.05;-11.49;-7.09;-7.58;0.55;1.67;84.5;384.51;617.14;740.57;786.5;925.74;1028.33;1131.65;1205.68
-10.68;-10.66;-6.33;-7.45;2.78;2.07;88.81;378.47;615.38;733.94;792.07;922.37;1038.24;1121.38;1194.21
-8.91;-7.85;-4.71;-5.84;1.38;0.27;90.54;382.05;606.72;730.9;791.67;919.96;1050.58;1116.2;1197.83
-8.26;-9.66;-6.09;-4.58;0.49;-2.78;90.79;382.26;604.44;728.09;787.13;907.22;1049.72;1114.14;1187.56
-9.94;-9.83;-6.73;-5.96;-1.55;-2.85;89.1;380.59;612.91;727.77;790.79;903.73;1047.15;1122.4;1173.93
-7.8;-9.37;-8.46;-5.55;0.23;-0.7;92.07;380.7;617.21;728.72;791.46;908.16;1037.44;1123.78;1179.48
-6.44;-10.74;-6.01;-3.41;-0.82;-2.05;95.14;376.95;618.89;734.95;788.23;910.7;1025.26;1122.56;1185.95
-10;-13.31;-5.2;-8;-2.23;-0.03;97.47;373.36;612.58;747.06;770.29;910.1;1024.33;1116.47;1167.75
-10.48;-14.13;-5.5;-7.95;-1.26;0.28;96.99;376.69;603.77;739.63;772.26;915.04;1019.84;1108.95;1177.96
-10.63;-11.8;-9.69;-6.03;-3.33;-0.18;95.04;377.91;609.38;734.91;771.58;916.02;1005.71;1112.73;1177.91
-10.44;-10.42;-11.5;-6.96;-2.72;-2.61;96.59;383.99;611.91;734.28;771.84;904.33;997.1;1114.03;1182.67
-8.58;-11.32;-10.15;-5.95;-2.67;-0.41;94.73;381.71;611.12;729;770.74;897.14;998.78;1113.93;1181.67
-6.22;-9.65;-10.15;-6.31;-4.11;-0.5;95.06;381.5;606.71;727.3;779.31;895.97;1000.5;1118.81;1169.63
-5.08;-11.28;-9.04;-8.46;-4.19;1.33;94;377.57;606.84;726.77;785.87;881.57;1001.23;1117.98;1163.58
-3.85;-9.81;-8.27;-7.78;-4.12;1.16;94.93;381;607.76;726.09;779.26;880.18;998.9;1120.81;1154.75
-6.27;-12.18;-10.64;-7.69;-5.84;1.06;94.59;376.48;596.85;726.94;770.93;886.24;998.48;1112.95;1148.1
-4.48;-13.16;-12.35;-8.35;-6.83;0.39;96.92;373.22;604.25;726.72;773.58;898.98;1010.93;1104.52;1145.56
-5.64;-12.7;-13.47;-5.28;-7.14;-0.37;96.47;372.78;608.18;723.59;774.14;895.05;1015.76;1110.9;1153.47
-4.66;-12.14;-12.71;-7.13;-9.87;-1.73;101.6;377.46;609.76;727.18;785.46;896.14;1012.75;1093.74;1157.87
-4.56;-12.24;-9.38;-7.59;-8.36;2.68;99.55;379.44;595.67;724.01;789.11;899.78;1011.05;1087.79;1156.49
-5.1;-11.84;-8.17;-6.15;-6.62;5.13;96.01;378.31;587.58;726.02;785.78;878.65;1015.9;1086.06;1155.64
-3.86;-12.5;-8.12;-4.09;-7.24;5.01;97.13;371.73;587.66;718.19;776.21;873.77;1018.66;1081.98;1148.7
-5.75;-13.47;-8.93;-1.89;-5.42;5.02;97.85;369.26;591.49;729.12;768.73;869.79;1015.97;1076.55;1157.68
-9.26;-11.06;-10.93;-3.54;-2.56;2.22;98.73;367.09;586.2;726.08;766.03;884.34;1006.31;1068.46;1142.29
-9.88;-9.8;-9.89;-3.1;-2.75;0.85;99;375.6;580.37;710.67;768.7;893.63;996.08;1072.21;1139.98
-11.11;-10.01;-8.39;-2.85;-2.64;2.14;94.57;376.59;586.57;709.25;770.91;883.98;1003.9;1058.57;1151.8
-13.1;-9.26;-8.04;-4.38;-2.7;3.02;96.31;379.69;585.29;709.09;774.67;880.99;1011.34;1064.29;1138.67
-7.99;-10.64;-6.9;-4.48;-3.56;3.61;102.29;370.84;582.64;708.66;774.22;886.22;998.37;1078.49;1116.93
-7.63;-10.72;-7.62;-3.14;-5.75;2.98;102.26;370.4;582.7;711.67;755.39;883.03;988.46;1075.72;1120.24
-8.46;-11.44;-7.37;-4.9;-3.94;1.61;100.99;375.88;585.54;717.68;755.52;880.82;988.68;1061.37;1142.77
-8.99;-9.13;-7.23;-5.24;0.47;1.83;102.94;375.23;588.55;718.47;759.12;875.55;991.74;1053;1150.28
-6.44;-11.18;-7.03;-4.41;0.32;2.46;100.76;378.95;583.43;715.55;758.73;869.78;987.73;1061.71;1140.07
-6.79;-10.79;-6.29;-4.86;-0.44;4.51;97.87;374.86;577.85;714.23;759.36;869.4;983.08;1054.17;1140.58
-7.48;-9.48;-6.9;-5.35;0.46;5.22;95.29;372.75;571.81;715.28;751.2;866.99;987.72;1049.62;1126.29
-7.44;-7.97;-9.66;-4.88;1.68;3.7;95.48;370.86;570.44;713.45;748.84;879;981.9;1054.74;1126.34
-8.09;-10.16;-6.18;-4.65;1.07;2.81;97.47;374.68;568.24;718.79;743.32;878.04;980.11;1070.35;1146.77
-9.3;-8.45;-5.73;-4.49;1.27;6.45;102.43;378.78;563.17;717.83;735.43;874.23;982.86;1068.23;1137.06
-10.89;-8.58;-8.7;-4.26;1.52;6.68;103.25;381.46;564.44;713.4;735.95;871.31;974.85;1041.3;1124.52
-9.65;-6.45;-10.36;-5.38;0.69;4.97;100.29;378.44;568.55;719.87;746.14;869.94;973.4;1038.3;1118.67
-12.95;-6.22;-9.19;-6.76;0.88;4.05;99.78;377.61;570.54;719.4;753.06;865.38;970.88;1042.29;1111.13
-14.63;-7.39;-9.04;-8.86;-0.23;4.29;99.77;375.04;563.93;720.89;755.82;865.67;965.98;1032.85;1114.54
-15.85;-7.41;-8.06;-7.89;-1.45;6.29;99.31;375.56;559.14;710.08;756.12;870.41;972.98;1027.92;1104.94
-14.94;-9.9;-7.21;-6.74;-0.54;4.26;100.74;374.67;573.62;696.24;759.78;864.35;981.21;1035.65;1094.67
-13.54;-8.38;-5.35;-5.77;-2.05;4.58;101.27;379.08;583.51;706.19;751.09;857.1;981.13;1015.62;1094.35
-14.15;-13.3;-6.1;-5.85;-0.96;3.51;101.78;375.52;576.13;713.06;748.07;860.51;976.44;1019.75;1096.68
-12.23;-12.49;-8.63;-4.92;0.25;2.8;103.89;375.47;574.61;708.77;752.85;866.9;972.14;1003.23;1085.89
-11.21;-10.37;-9.11;-5.7;-1.48;3.97;103.06;377.44;570.86;702.25;750.52;869.9;972.24;994.97;1084.24
-12.16;-8.65;-8.01;-7.47;-4.88;3.17;105.64;378.78;559.71;707.81;747.09;862.28;980.25;1005.61;1093.94
-11.55;-9.48;-10.55;-8.46;-3.97;0.81;111.03;378.9;570.07;698.28;744.45;856.57;968.27;995.38;1088.18
-10.88;-8.66;-13.77;-8.04;-5.14;2.4;109.5;378.74;566.67;698.16;747.36;862.62;945.9;983.7;1087.93
-12.82;-10.58;-14.54;-3.46;-5.66;3.44;109.96;378.05;569.28;697.23;736.83;863.5;950.2;980.6;1099.51
-12.24;-11.3;-12.2;-2.37;-5.51;-1.71;112.82;374.79;572.76;688.03;725.73;863.55;946.96;990.32;1094.16
-11.46;-13.69;-12.09;-5.94;-6.19;-2.76;113.2;374.3;575.64;688.29;726.56;864.22;942.61;998.38;1092.41
-11.44;-16.03;-10.13;-8.38;-6.48;-0.16;109.79;374.43;570.93;681.46;733.13;871.28;942.49;1005.11;1087.93
-12.75;-14.41;-9.92;-6.96;-6.54;1.41;111.25;369.34;562.26;674.54;723.15;877.59;948.52;992.68;1074.91
-10.51;-14.27;-10.8;-5.38;-6.61;-0.81;108.41;369.43;563.59;675.16;729.31;870.27;941.05;987.99;1078.89
-8.98;-13.52;-11.35;-4.31;-5.85;-1.65;106.99;366.62;574.87;675.3;726.75;861.48;927.54;999.76;1077.61
-9.58;-15.45;-12.4;-4.11;-3.87;1.73;104.83;364.95;580.95;675.46;723.65;855.34;922.23;1003.46;1082.17
-6.16;-11.8;-11.92;-5.01;-4.51;2.36;102.04;373.38;572.26;676.47;740.02;848.24;922.59;1002.18;1081.94
-7.32;-9.33;-10.22;-3.68;-5.31;5.6;99.89;375.66;575.47;685.2;733.94;854;928.12;1014.23;1074.7
-8.17;-11.59;-10.25;-6.66;-4.99;3.65;101.14;374.56;582.29;676.71;727.77;856.24;933.18;1004.31;1074.27
-7.15;-11.77;-7.87;-6.09;-5.16;4.79;107.24;380.12;590.55;673.02;726.38;847.57;947.14;1000.11;1068.5
-10.69;-10.88;-8.26;-5.26;-7.12;2.17;110.7;378.16;586.79;670.34;727.84;839.1;955.38;997.01;1063.71
-9.7;-8.2;-8.68;-6.62;-5.84;0.14;105.29;380.66;567.66;670.76;718.15;829.48;944.85;982.95;1073.51
-6.49;-9.24;-9.71;-6.61;-4.89;-2.29;105.35;383.56;560.37;676.09;699.73;823.21;933.79;986.97;1071.26
-10.34;-11.76;-6.3;-3.74;-4.94;0.58;109.36;385.55;563.36;682.25;701.33;821.34;938.74;984.12;1063.62
-9.6;-10.36;-5.58;-2.28;-2.77;6.29;111.11;381.97;557.59;680.98;701.1;817.86;938.1;977.91;1066.74
-10.41;-10.37;-7.1;-3.95;-2.48;5.43;114.85;379.85;561.02;677.01;691.55;806.42;934.13;986.57;1067.3
-9.64;-8.92;-9.04;-4.82;-2.08;3.16;111.89;380.54;561.49;674.34;693.54;808.65;928.4;987.68;1055.15
-10.26;-8.42;-7.7;-4.24;-3.93;0.49;109.95;382.1;558.93;679.98;699.17;809.53;922.37;969.01;1048.55
-9.29;-6.91;-7.08;-1.77;-3.28;3.01;111;381.18;567.78;669.27;714.55;798.11;921.51;983.92;1048.04
-8.28;-7.92;-7.34;-3.68;-0.42;2.65;110.48;379.34;568.54;663.56;719.74;797.36;917.32;989.58;1059.7
-6.14;-9.09;-9.22;-6.88;1.87;1.61;108.32;378.9;566.9;665.33;717.74;797.48;927.82;980.05;1048.04
-8.35;-12.9;-8.19;-5.51;0.4;-0.61;104.66;378.48;574.19;672.82;717.85;808.96;923.63;973.34;1057.52
-9.58;-9.08;-8.54;-5.65;0.69;-0.36;102.68;373.1;572.35;671.95;714.66;809.8;920.63;964.16;1060.37
-12.26;-6.82;-8.96;-6.11;2.87;2.89;102.64;374.01;563.37;670.1;714.58;814.67;917.65;968.76;1062.25
-11.28;-8.86;-7.57;-6.5;2.72;5.73;106.3;376;559.63;669.85;718.85;819.71;901.66;966.96;1063.52
-9.74;-8.82;-6.93;-4.84;0.84;4.93;110;372.33;568.84;666.06;709.62;805.12;898.46;964.27;1052.05
-6.28;-6.9;-8;-5.97;1.13;2.17;104.9;369.92;563.01;665.22;705.89;797.14;890.48;961.34;1047.7
-7.82;-5;-4.82;-6.03;1.89;1.28;105.03;374.18;562.17;670.67;705.76;790.32;897.04;955.25;1026.88
-6.97;-4.06;-8.36;-7.12;1.11;2.35;102.65;378.76;555.93;670.02;708.44;789.53;884.3;951.5;1006.15
-3.12;-5.48;-9.82;-4.83;4.37;2.91;106.34;380.97;555.78;666.68;706.29;789.64;878.42;937.3;1014.96
-6.09;-4.78;-6.99;-5.78;2.85;-2.19;105.93;376.3;557.1;663.81;701.26;796.74;878.98;928.88;1026.38
-8.71;-5.19;-7.6;-6.38;-0.87;-2.25;111.61;376.61;558.87;667.27;708.95;796.37;885.84;933.04;1020.25
-5.9;-6.94;-8.99;-6.33;-0.33;-0.86;117.09;377.43;555.88;652.91;704.95;792.34;882.21;944.7;1019.39
-6.13;-6.06;-10.1;-4.43;-1.83;-1.64;109.73;382.8;552.61;640.43;694.6;795.27;871.39;950.37;1014.48
-8.54;-6.44;-7.9;-2.78;-1.7;-1.57;102.22;381.86;552.33;646.76;692.38;799.45;864.53;937.53;1012.78
-7.8;-8.94;-8;-6.69;1.04;-0.69;106.39;378.75;550.66;652.43;693.14;790.49;875.87;942.95;1017.98
-8.83;-10.96;-10.36;-7.57;-0.06;-1.56;110.16;378.81;551.46;642.52;694.81;790.62;865.12;943.7;1016.88
-7.65;-13.43;-11.57;-7.16;-3.33;0.67;109.05;382.11;547.94;651.46;698.53;797.66;866.32;926.72;1012.03
-6.03;-11.81;-13.31;-7.02;-4.24;1.48;112.6;374.4;545.85;647.47;698.87;792.44;861.31;921.81;996
-5.33;-11.34;-12.21;-7.54;-0.9;-1.05;111.12;378.49;538.18;644.49;690.44;796.03;860.95;910.44;1003.13
-4.26;-9.29;-9.76;-7.68;-1.28;-3.89;112.04;376.82;531.78;641.7;694.82;790.91;857.89;913.34;999.58
-4.74;-10.28;-9.67;-6.14;-3.18;-1.44;110.06;376.96;532.97;641.54;700.05;788.96;858.41;910.15;996.02
-5.42;-9.11;-6.34;-8.69;-4.59;0.32;110.12;373.41;534.86;640.52;703;790.08;858.35;900.2;986.89
-8.28;-8.12;-9.53;-8.26;-5.36;1.22;110.65;373.67;533.77;632.89;696.37;792.93;867.15;904.59;984.04
-6.19;-9.58;-10.27;-5.46;-5.57;-0.57;112.28;377.9;533.48;631.63;684.31;783.31;870.88;905.16;979.46
-8.86;-11.14;-10.87;-8.7;-5.41;1.02;113.59;381.43;528.37;633.32;682.1;773.31;871.18;912.4;974.02
-9.73;-8.81;-7.98;-7.84;-3.9;1.29;110.34;376;522.87;635.61;675.77;771.23;852.73;894.7;975.51
-9.82;-7.87;-6.65;-6.35;-3.1;1.62;111.28;375.75;530.6;642.96;679.13;775.16;841.51;899.94;970.96
-11.46;-10.58;-8.73;-6.85;-3.04;-0.14;115.26;373.26;531.9;641.27;678.53;775.91;841.53;897.58;955.39
-11.98;-10.27;-10.81;-6.85;-3.89;-0.01;111.58;376.17;530.85;638.74;677.08;765.42;850.9;889.67;958.16
-12.52;-9.49;-10.56;-4.88;-0.48;0.17;110.91;378.25;530.94;626.26;671.69;754.39;854.63;893.25;964.51
-12.43;-8.55;-10.58;-3.41;-0.8;-1.28;108.44;381.17;522.5;628.65;658.27;756.43;848.96;900.21;967.29
-10.3;-9.62;-9.74;-6.17;-1.61;-0.3;115.33;373.41;515.69;627.15;660;756.64;840.53;902.53;958.75
-6.71;-10.5;-7.13;-8.16;-2.22;1.78;116.44;368.44;520.21;626.08;673.71;756.76;845.24;892.84;954.34
-5.76;-9.55;-6.16;-6.74;-1.4;2.44;125.19;374.06;517.48;630.63;670.33;753.16;854.82;894.98;946.45
-6.85;-10.19;-7.57;-4.71;-1.53;0.51;125.4;370.93;526.95;629.05;662.83;749.15;849.02;900.78;942.72
-5.01;-7.08;-7.43;-6.34;-2.36;-0.75;123.66;370.38;528.32;621.54;651.69;733.46;850.22;899.36;942.12
-4.72;-7.04;-7.08;-4.08;-3.09;-0.42;125.9;368.28;536.58;634.69;649.64;734.95;848.66;907.3;941.89
-3.97;-8.72;-5.95;-5.93;0.52;5.5;129.68;366.93;534.39;641.36;647.88;744.99;843.17;906.82;942.27
-5.99;-7.77;-8.26;-6.78;0.82;5.4;128.9;370.26;529.58;630.58;658.22;747.25;846.77;889.24;943.11
-3.47;-6.97;-7.86;-6.1;1.32;2.21;124.53;367.77;523.41;632.36;670.27;742.83;842.72;884.8;934.72
-6.35;-10.16;-9.05;-6.21;0.76;1.54;117.28;360.93;519.17;629.96;666.96;746.24;832.87;883.05;931.77
-8.13;-8.07;-10.08;-5.55;1.23;0.5;117.59;351.53;519.75;634.62;658.17;746.8;833.54;883.23;939.14
-8.96;-10.73;-8.53;-5.9;-0.91;0.89;119.43;351.43;524.07;638.06;652.47;742.18;828.8;880.01;944.46
-12.63;-10.82;-7.37;-6.23;3.58;0.32;125.25;360.35;517.81;638.45;649.49;738.98;817.9;891.27;945.12
-12.7;-9.61;-9.09;-6.65;3.14;-0.19;131.4;357.63;518.11;639.94;642.02;729.31;820.66;894.13;928.23
-14.12;-8.09;-8.95;-6.06;0.98;0.11;129.87;351.92;527.41;622.88;644.99;737.5;823.46;887.5;931.31
-13.12;-6.55;-9.15;-6.49;1.35;-1.38;127.87;351.83;530.97;616.61;638.99;741.28;826.14;873.01;935.19
-10.76;-7.29;-9.02;-8.85;0.9;-1.26;131.7;363.36;522.18;622.22;638.34;731.27;833.52;875.63;919.25
-8.8;-6.67;-9.23;-9.02;3.02;-2.5;134.24;370.47;519.84;615.95;626.66;720.84;840.24;884.45;912.03
-10.87;-7.3;-9.9;-8.73;1.14;-2.27;132.4;367.82;521.22;607.84;636.19;712.01;842.09;869.5;920.35
-13.95;-8.48;-10.44;-9.1;-2.66;-3.5;126.29;355.95;513.76;603.11;645.33;716.57;838.04;864.26;914.78
-16.62;-7.58;-8.18;-9.91;-1.79;-0.7;125.86;362.43;503.7;606.89;647.39;716.05;835.11;862.38;911.9
-13.51;-6.24;-7.37;-7.22;0.3;0.69;126.76;359.56;499.96;608.26;643.55;720.12;827.77;847.85;912.94
-14.95;-6.69;-8.35;-7.41;2.06;-0.47;128.2;359.3;498.77;611.41;641.42;718.11;828.73;844.49;901.79
-13.57;-8.99;-9.77;-8.4;0.41;-1.54;129.3;359.74;494.01;609.23;640.03;715.2;818.15;846.69;891.19
-19.73;-10.75;-10.69;-7.57;-2.04;-0.83;128.13;362.99;499.29;609.94;639.46;719.8;822.13;855.21;876.4
-18.87;-12.8;-11.87;-8.51;-1.73;-2.07;130.43;364.14;495.88;612.7;643.22;725.56;830.04;864.51;889.18
-16.53;-12.07;-11.44;-9.21;-4.12;-2.52;133.04;362.01;499.78;610.57;632.69;724.96;821.72;860.33;895.17
-7.92;-11.9;-11.59;-6.69;-4.31;-4.09;135.25;365;502.08;611.16;635.08;722.25;801.88;849.14;874.78
-9.25;-12.59;-10.55;-6.43;-4.18;-1.27;128.75;371.32;498.88;615.96;643.03;723.55;795.5;847.37;863.68
-7.69;-13.55;-11.46;-6.96;-3.47;0.7;124.4;372.55;506.27;607.21;653.03;722.25;811.27;841.22;872.84
-6.16;-12.74;-10.93;-6.16;-5.58;0.74;124.06;371.67;502.09;594.57;655.54;724.41;815.2;829.87;885.63
-4.48;-12.31;-10.03;-4.62;-8.22;0.71;126.95;370.06;501.25;590.44;647.95;718.3;806.84;823.89;876.51
-5.87;-12.13;-9.91;-5.02;-5.88;0.49;122.42;377.69;506.35;594.16;636.02;709.77;791.22;826.1;872.25
-6.43;-10.86;-9.05;-5.14;-4.03;2.36;117.61;371.71;500.39;601.95;632.08;710.6;788.42;828.01;870.51
-9.64;-11.22;-7.31;-4.76;-5.02;3.23;122.07;369.75;495.03;610.91;633.61;712.87;797.97;825;885.66
-13.06;-12.52;-6.93;-7.74;-3.63;3.21;121.53;369.02;498.18;602.36;629.79;709.87;800.08;824.94;880.23
-11.53;-11.93;-9.72;-6.56;-5.73;4.91;117.1;366.95;494.49;595.87;620.18;709.64;802.39;813.83;868.77
-6.95;-11.02;-9.36;-5.08;-6.34;6.41;117.49;364.47;488.51;594.19;617.59;708.54;795.7;813.01;871.5
-6.38;-11.41;-8.37;-3.9;-6.91;5;120.34;365.4;491.53;592.85;622.28;696.56;802.32;815.83;878.29
-9.28;-10.31;-8.68;-3.68;-5.93;3.94;124.26;368.63;488.66;582;621.3;694.9;803.82;812.49;885.52
-9.83;-9.9;-9.92;-2.79;-5.79;4.33;128.01;363.93;483.88;584.57;608.83;701.14;799.28;821.63;886.07
-6.37;-12.3;-5.8;-1.4;-4.48;5.16;125.65;360.45;487.24;588.78;599.2;707.75;793.41;825.35;886.18
-8.04;-10.56;-5.14;-2.53;-3.5;3.94;120.34;361.77;484.4;592.09;597.8;704.6;789.51;823.22;884.51
-6.29;-12.8;-7.44;-4.57;-1.88;4.53;121.69;360.44;482.5;595.64;595.82;702.73;785.39;815.99;883.54
-6.77;-11.48;-8.49;-5.57;-5.75;5.66;124.71;366.07;489.75;594.54;602.17;692.24;786.21;817.36;888.98
-7.99;-9.86;-6.72;-4.04;-4.85;5.07;124.01;368.55;489.54;574.3;608.99;689.17;782.05;811.56;878.22
-7.69;-8.13;-6.27;-2.89;-2.92;7.52;116.75;361.33;492.31;571.22;602.24;681.08;777.31;805.44;874.91
-7.83;-8.2;-6.49;-3.57;-2.31;6.19;118.47;366.66;491.46;574.8;602.84;675.33;778.33;805.35;871.07
-5.32;-9.89;-5.99;-4.15;-1.04;6.64;119.01;372.52;484.89;575.4;599.04;683;777.43;805.71;869.33
-5.06;-11.42;-7.04;-3.85;-2.33;3.96;119.41;367.52;480.3;579.73;595.42;683.07;777.05;812;879.26
-4.59;-8.12;-7.14;-5.48;-2.2;1.77;119.11;367.56;473.27;572.9;590.74;666.08;763.24;795.07;886.02
-5.54;-8.08;-6.78;-7.22;-0.3;4.1;122.49;362.62;470.41;575.17;602.48;668.87;761.45;798.05;876.84
-7.22;-7.83;-8.69;-4.8;0.54;4.5;124.64;366.43;481.79;577.25;608.17;670.75;766.09;807.4;883.59
-8.54;-9.12;-7.06;-5;-1.01;1.46;124.22;366.82;485.45;569.17;604.22;663.22;764.87;805.63;873.99
-9.02;-11.28;-6.08;-3.85;-0.86;1.27;118.3;363.06;483.82;563.58;605.18;667.01;765.4;797.88;863.56
-8.39;-7.6;-6.25;-5.07;-0.74;0.73;121.45;361.71;476.67;563.19;601.19;670.16;758.22;792.21;866.81
-8.31;-4.79;-3.57;-7.16;-0.82;0.96;126.42;362.04;473.98;565.74;590.19;663.74;752.99;775.31;863.8
-6.42;-5.03;-4.88;-7.6;1.5;3.44;127.22;367.36;470.17;567.75;588.22;669.22;761.09;783.42;872.65
-9.21;-5.55;-4.29;-6.77;0.51;4.27;125.78;369.72;474.7;561.07;589.74;674.27;762.99;788.82;875.07
-7.19;-6.65;-6.4;-4.9;-0.39;4.85;124.63;370.63;471.96;557.17;585.34;675.4;757.6;800.48;872.09
-7.67;-5.61;-8.44;-6.97;-0.22;1.87;122.66;367.11;475.93;557.37;576.13;674.91;760.31;795.07;863.55
-13.31;-5.27;-6.39;-7.21;0.76;-1.17;121.98;359.37;473.68;561.3;581.47;676.75;755.57;781.72;849.59
-15.09;-4.92;-5.13;-8.58;-0.24;2.28;119.6;354.59;472.41;560.22;590.65;671.17;757.44;779.14;850.74
-12.85;-4.52;-6.37;-8.04;-1.31;3.44;123.5;358.81;472.8;565.38;590.33;673.16;764.26;776.01;845.96
-10.21;-5.12;-8.64;-7.2;-1.37;1.55;129.84;362.29;464.79;570.93;587.47;675.22;765.7;785.49;844.2
-7.67;-7.45;-9.38;-8.44;-3.93;-0.83;126.61;371.41;469.73;562.99;587.07;671.88;762.99;776.96;830
-7.24;-8.86;-8.52;-6.65;-5.53;-2.08;127.66;378.54;463.71;565.87;591.71;671.27;771.56;769.89;814.36
-6.67;-8.17;-8.35;-6.66;-4.57;-4.08;122.95;372.64;452.28;553.75;595.13;664.03;762.75;772.69;817.57
-4.7;-7.69;-9.44;-6.25;-5.39;-2.43;124.56;363.9;457.06;546.96;587.09;659.25;750.14;774.69;823.21
-6.27;-8.84;-9.71;-8.22;-5.12;-5.18;124.94;366.9;459.78;546.39;571.52;666.96;752.33;768.61;824.58
-7.74;-9.21;-5.9;-13.16;-5.7;-6.73;125.02;365.72;463.47;550.62;572.54;666.66;758.26;762.16;818.42
-9.84;-4.25;-3.11;-9.45;-5.83;-2.95;122.07;365.03;460.52;548.54;580.16;664.33;742.08;758.57;817.63
-9.52;-2.98;-5.7;-6.87;-7.73;-1.78;119.61;367.43;462.6;549.21;579.02;662.78;739.36;754.1;824.89
-7.57;-7.41;-5.93;-7.62;-5.08;-0.57;123.99;366.66;460.34;547.72;572.47;659.53;750.35;756.99;829.09
-5.1;-9.76;-8.72;-7.37;-4.34;1.29;131.57;369.69;456.94;538.33;573.76;661.81;745.22;748.88;815.6
-4.53;-8.23;-8.44;-5.45;-5.28;1.03;129.08;364.86;453.86;541.94;572.85;663.9;744.81;745.91;805.09
-4.81;-7.18;-9.28;-5.72;-3.81;-2.36;127.21;360.9;451.87;545.75;574.43;651.98;730.98;740.42;817.3
-7.23;-10.55;-5.98;-7.28;-4.72;-2.44;132.06;362.38;457.86;542.08;570.56;644.35;723.72;740.66;813.19
-9.88;-10.45;-8.4;-5.16;-3.92;-1.64;135.65;365.55;462.52;535.81;576.44;646.01;729.11;731.82;801.66
-9.82;-10.18;-9.58;-4.45;-5.26;-3.21;137.42;366.61;460.3;531.75;576.07;643.95;729.58;738.88;803.33
-4.41;-6.3;-8.92;-4.89;-6.71;-0.95;134.88;365.52;459.18;539.82;574.13;635.4;723.8;750.1;814.03
-8.28;-9.09;-8.31;-4.98;-4.67;-0.74;128.99;356.63;454.39;542.62;579.22;632.76;724.5;755.78;815.34
-8.72;-9.79;-7.45;-5.64;-4.42;2.27;124.91;354.07;450.01;546.87;587.74;634.2;726.44;741.33;810.49
-9.75;-9.4;-7.91;-4.62;-4.69;4.24;128.23;356.62;447.38;547.81;580.67;631.59;726.92;744.76;806.23
-9.34;-7.6;-7.04;-3.47;-4.76;5.2;121.22;360.39;443.02;540.76;573.05;632.77;716.55;737.92;806.26
-7.18;-6.12;-6.61;-5.54;-5.07;5.87;114.23;357.56;444.51;534.29;571.59;636.98;709.17;733.55;807.3
-7.89;-7.31;-5.63;-5.35;-1.38;8.32;116.17;357.39;445.15;540.37;577.43;634.66;705.51;739.99;815.12
-9.4;-9.42;-5.6;-2.65;-0.54;5.32;118.96;356.87;448.24;545.73;571.28;639.9;706.32;733.11;812.74
-11.98;-9.97;-7.98;-2.87;-0.64;3.61;125.47;359.92;447.81;540.22;568.07;644.37;707.35;723.96;795.14
-10.91;-12.69;-8.45;-6.58;0.43;0.76;121.46;354.55;439.03;536.65;578.6;629.18;702.95;720.93;797.97
-10.16;-9.87;-5.71;-6.7;0.19;2.41;122.33;353.41;433.25;548.62;574.94;620.22;698.87;721.93;806.36
-7.44;-6.07;-4.44;-7.08;3.24;0.79;120.16;351.05;438.15;545.81;577.05;631.32;693.56;719.05;806.89
-8.27;-5.05;-5.1;-7.12;4.24;1.3;117.23;343.57;430.2;544.96;568.15;637.46;696.82;708.29;809.89
-10.44;-5.87;-6.2;-6.2;1.67;0.25;117.35;339.8;428.69;544.82;566.45;633.22;703.92;720.82;799.2
-12.22;-5.75;-7.63;-8.09;-0.09;-0.8;120.06;336.92;434.2;535.27;568.43;630.67;708.66;722.91;809.12
-16.07;-3.62;-7.94;-6.63;-0.84;-0.23;124.02;340.55;436.23;533.32;559.15;624.7;711.25;727.19;805.51
-15.73;-4.85;-8.01;-5.91;-0.39;-0.55;123.78;340.9;424.78;538.05;553.08;628.1;702.38;714.47;797.88
-10.25;-5.68;-7.96;-6.72;0.79;-0.95;123.65;342.25;420.09;535.88;557.56;625.51;691.05;709.03;793.53
-9.46;-4.92;-9.43;-8.17;-0.32;-0.47;124.71;338.21;425.86;531.4;558.47;624.75;690.52;705.3;801.84
-10.36;-5.06;-7.62;-8.44;-3.18;-2.35;127.51;335.39;427.9;531.22;553.25;624.54;690.27;689.98;797.22
-9.1;-3.17;-8.78;-8.98;0.41;-3.17;126.25;337.33;427.34;536.23;554.79;624.73;693.19;689.08;798.03
-11.72;-3.41;-6.92;-9.53;0.14;-3.97;123.46;333.73;424.47;535.24;561.1;622.67;699.09;694.79;803.98
-12.12;-6.55;-5.69;-7.72;-0.46;-3.78;123.75;336.45;421.69;531.41;557.24;619.42;697.95;701.84;799.22
-12.21;-10.02;-5.95;-8.58;-1.16;-2.69;120.87;336.31;419.34;530.53;559.19;624.35;687.6;704.13;805.09
-13.27;-7.91;-8.94;-8.76;-2.37;-1.59;127.94;338.81;422.9;531.43;557.84;614.74;691.9;705.34;798.62
-13.43;-8.49;-7.98;-8.52;-0.98;-1.3;128.08;338.05;425.77;524.39;556.63;615.83;694.49;709.37;787.24
-14.31;-8.58;-10.22;-7.87;-2.37;-1.81;126.68;343.41;426.47;510.66;558.8;616.97;690.54;706.89;781.76
-14.76;-9.18;-13.71;-7.45;-4.49;-1.71;127.6;344.45;428.61;506.31;557.77;619.35;694.02;696.54;797.52
-10.82;-9.3;-13.01;-6.8;-5.85;-1.73;127.11;341.98;429.41;504.8;555.78;609.58;699.64;685.71;805.87
-14.66;-12.79;-10.48;-7.05;-6.04;-1.78;125.68;336.2;430.36;511.89;544.7;613.87;692.5;684.99;799.76
-12.46;-8.87;-13.81;-6.22;-6.92;-1.42;121.88;332.26;432.98;515.49;553.67;609.68;692.2;697.13;794.19
-12.72;-8.22;-15.11;-7.68;-6.92;-1.86;120.97;326.54;432.51;519.62;555.33;610.53;688.87;711.86;801.96
-10.39;-11.3;-11.76;-6.06;-7.5;-1.74;122.74;325.81;427.52;517.5;541.46;614.33;693.89;701.12;802.84
-6.09;-12.71;-7.39;-4.07;-7.18;-1.39;124.68;335.43;423.19;519.03;547.25;619.75;687.25;689.55;793.73
-5.86;-10.96;-8.39;-3.56;-8.14;1.3;126.74;341.01;425.39;518.24;555.32;621.39;687.48;692.5;776.37
-5.79;-10.73;-10.69;-3.63;-7.42;0.02;126.19;343.44;420.85;527.19;561.82;619.56;681.77;695.06;779.1
-5.25;-11.08;-10.43;-2.7;-5.88;-1.63;123.98;341.97;415.12;521.1;554.03;607.22;677.59;698.21;791.69
-4.03;-12.43;-8.82;-3.28;-5.56;-0.71;125.81;339.62;422.73;522.52;542.89;602.82;684.99;693.17;783.54
-5.51;-9.84;-7.32;-4.68;-3.78;-3.41;129.59;337.92;421.83;521.53;541.13;602.63;684.43;699.47;778.58
-4.68;-8.36;-10.31;-4.15;-1.62;-2.92;129.76;333.03;425.11;517.4;535.82;603.9;674.79;694.68;785.15
-4.24;-9.49;-10.29;-3.66;-3.03;-1.18;129.64;337.98;430.61;512.96;536.68;599.68;675.08;693.89;784.05
-7.25;-12.97;-7.34;-1.49;-4.34;-1.67;129.22;340.12;430.33;514.82;528.61;600.77;672.99;695.52;775.14
-10.07;-11.67;-7.46;-1.73;-4.73;-1.5;130.48;351.33;431.85;512.1;522.23;605.16;671.04;696.3;768.7
-8.57;-8.46;-8.26;-2.43;-2.84;-0.74;131.71;346.02;438.28;517.57;520.6;600.47;664.3;703.93;752.02
-7.15;-8.53;-8.27;-2.65;-4.06;-0.88;128.7;341.94;435.39;510.41;512.97;610.19;666.02;703.13;759.35
-7.24;-9.31;-9.89;-3.44;-5.92;-0.24;134.13;337.56;430.29;506.16;515.16;607.43;667.47;696.07;760.66
-8.71;-9.57;-9.35;-6.85;-4.11;3.46;136.12;334.75;428.49;505.59;517.88;592.44;658.88;693.52;775.22
-7.6;-6.65;-9.99;-6.34;-0.37;0.42;136.41;331.97;435.24;508.64;520.4;599.93;662.03;692.82;780.38
-10.08;-9.51;-7.46;-2.6;-0.54;-1.45;132.75;338.31;431.89;502.18;521.25;593.99;664.95;699.68;775.45
-9.36;-10.32;-7.37;-3.95;-0.51;-2.85;131.14;345.53;429.27;502.53;519.03;597.6;664;696.27;772.39
-8.65;-7.51;-8.14;-5.3;-0.21;-1.75;131.54;342.89;432.39;511.76;531.58;597.08;659.31;690.18;776.09
-9.27;-8;-10.3;-4.92;0.27;-3.53;130.19;347.95;431.33;518.16;525.63;596.89;658.79;677.92;773.68
-9.96;-6.74;-9.58;-3.77;1.63;0.82;126.95;342.57;432.75;514.26;531.14;591.09;657.3;692.96;771.13
-10.13;-6.88;-10.68;-3.17;0.89;-0.18;125.28;336.13;426.84;498.02;528.07;579.49;660.63;700.89;755.32
-12.3;-6.81;-11.02;-4.63;1.77;-3.17;124.51;332.39;429.07;498.68;530.31;581.8;667.45;697.92;745.57
-17.04;-4.12;-9.77;-7.22;-0.44;-2.71;131.48;341.04;427.71;503.18;537.39;581.22;667.38;693.25;743.03
-17.48;-6.83;-9.09;-7.05;1.67;-1.05;134.22;337.77;431.44;502.62;528.37;581.05;658.77;683.02;731.14
-13.3;-5.59;-7.95;-5.95;-0.42;-0.88;132.84;335.68;426.96;500.87;526.63;586.86;656.58;680.95;727.43
-11.74;-5.66;-7.5;-8.13;-2.21;-2.71;130.77;335.6;419.85;497.31;525.72;589.54;655.81;683.66;730.34
-9.62;-10.47;-10.19;-8.32;-1.8;-1.24;130.35;337.86;419.83;491.34;532.85;582.97;650.26;681.3;726.19
-9.36;-8.86;-13.98;-9.1;-2.15;-4.52;130.85;339.62;418.38;488.55;526.97;573.33;649.51;684.68;726.75
-8.11;-6.55;-12.86;-7.56;-1.59;-3.39;129.99;333.74;416.71;487.06;530.92;573.27;648.31;681.79;737.74
-9.68;-5.6;-10.75;-9.99;-2.07;-4.17;133.91;331.27;420.48;490.27;532.11;572.13;650.46;674.49;735.73
-13.67;-6.94;-10.02;-12.87;-2.96;-2.28;134.84;327.02;420.05;487.12;530.78;563.62;635.61;671.07;733.42
-14.71;-7.02;-12.11;-10.73;-2.89;-3.23;129.42;330.39;421.54;487.41;524.41;552.5;639.81;666.57;725.65
-10.11;-8.03;-12.75;-11.12;-1.08;-5.35;125.17;327.82;415.38;490.67;517.91;552.84;637.54;660.08;722.37
-8.74;-7.73;-11.69;-9.73;-2.28;-7.29;123.9;330.76;411.83;484.72;514.47;550.51;639.48;662.09;716.62
-8.05;-7.75;-14.02;-10.09;-1.16;-5.06;129.29;332.71;410.11;488.56;515.07;564.38;641.78;658.21;715.18
-7.01;-9.1;-12.54;-11.98;-2.54;-4.36;130.33;330.75;405.51;488.49;508.11;565.67;632.56;653.11;702.22
-7.56;-10.93;-12.85;-11.22;-4.51;-4;133.15;328.62;408.56;486.47;516.96;554.55;635.09;653.85;695.21
-8.92;-10.36;-11.6;-11.62;-4.26;-1.35;135.17;330.33;414.09;491.74;515.4;550.04;637.17;653.15;704.68
-5.47;-8.84;-10.9;-10.55;-3.4;-1.25;132.65;330.72;421.28;490.12;518.6;555.19;628.41;665.93;706.73
-4.02;-12.24;-9.96;-7.94;-4.62;-3.21;129.92;330.17;417.44;486.9;518.06;552.39;633.74;674.81;706.07
-7.16;-16.14;-11.12;-5.91;-5.17;-0.46;130.64;330.67;412.33;485.79;513.04;555.73;640.87;665;704.75
-7.69;-12.9;-11.98;-6.34;-3.76;-0.26;132.59;328.54;419.24;488.72;513.38;562.4;631.65;652.72;701.44
-6.91;-10.85;-10.1;-6.1;-3.17;2.68;129.31;321.08;421.15;488.26;509.6;555.23;632.08;654.69;690.27
-6.26;-11.32;-11.65;-8.61;-3.14;0.54;129.96;322.74;410.93;482.34;512.44;558.32;636.15;658.52;693.56
-6.9;-9.85;-11.18;-8.22;-5.3;1.9;129.8;324.21;410.09;476.17;514.4;562.45;624.08;656.11;694.79
-8.52;-9.25;-11.77;-7.91;-2.62;3.9;130.91;317.83;403.41;480.47;512.24;567.49;619.49;652.96;693.18
-10.23;-7.8;-9.95;-8.28;-2.06;1.53;128.91;315.31;400.68;481.49;503.78;553.67;617.51;640.52;688.22
-9.28;-10.27;-8.86;-6.12;-3.74;1.5;133.46;314.7;402.25;481.99;503.33;550.71;611.2;627.46;682.26
-6.57;-10.86;-8.81;-6.02;-3.97;2.71;133.13;312.06;403.99;481.36;500.76;548.15;616.22;628.19;683.52
-7.53;-6.97;-9.92;-4.68;-2.09;-0.48;133.25;313.52;403.16;484.54;506.91;544.03;623.94;631.93;690.53
-9.77;-8.48;-9.71;-4.67;-2.09;0.62;132.29;306.87;401.63;484.01;513.13;550.95;636.08;636.75;684.13
-10.06;-8.15;-9.85;-8.85;-2.81;3.18;128.57;306.21;401.04;481.68;510.03;556.56;641.31;636.56;687.62
-11.75;-6.88;-10.12;-6.12;-4.35;4.35;129.4;312.83;402.89;481.18;507.96;548.96;630.91;644.92;684.29
-10.24;-6.37;-9.31;-3.88;-2.08;4.45;137.3;316.62;399.62;487.82;512.1;543.84;625.98;648.89;674.57
-5.65;-9.83;-9;-5.5;-0.57;4.57;135.2;314.3;398.52;485.02;499.22;540.2;627.54;638.56;670.69
-4.68;-10.64;-6.76;-5.1;0.69;3.84;134.46;314.94;400.72;473.55;498.61;543.63;626.38;630.86;673.37
-4.92;-9.61;-7.84;-8.13;-0.05;1.18;138.33;314.95;399.01;471.03;502.17;535.94;617.36;637.23;683.5
-3.42;-9.4;-11.46;-7.22;0.18;0.69;136.67;316.1;396.07;472.78;504.04;531.37;613.2;630.94;682.68
-10.11;-9.58;-9.05;-5.13;0.58;-0.64;135.12;313.75;394.7;475.2;500.97;531.99;607.14;635.54;690.61
-10;-9.58;-6.17;-4.21;1.41;-3.75;134.98;309.58;394.56;470.79;503.87;531.16;595.76;644.67;703.68
-10.53;-9.04;-10.8;-5.23;-0.3;-6;129.22;311.14;392.62;475.28;491.51;522.43;599.43;639.26;701.16
-8.76;-8.85;-9.3;-6.47;-1.65;-3.77;125.47;311.79;391.32;481.37;492.39;521.39;596.61;638.01;701.99
-8.53;-7.2;-7.57;-6.61;-2.03;-6.76;127.94;314.11;388.85;479.87;506.53;531.1;605.06;631.51;702.35
-11.99;-7.54;-10.58;-7;-1.19;-5.36;129.12;313.49;389.72;481.97;495.17;540.83;605.44;639.22;695.58
-12.75;-6.74;-10.59;-5.65;3.07;-4.35;128.82;313.43;386.68;481.73;489.01;539.62;601.8;642.94;694.37
-12.04;-6.2;-8.8;-7.26;0.93;-4.76;126.74;305.68;391.15;468.82;486.33;535.32;609.14;638.39;696.49
-9.57;-6.85;-8.81;-5.5;-0.75;-3.2;124.97;295.9;393.05;469.15;491.61;539.65;603.4;631.29;679.58
-6.83;-7.71;-10.03;-4.09;-0.65;-4.99;128.26;299.77;386.13;469.71;490.55;542.35;601.24;624.46;675.24
-7.18;-6.6;-8.09;-4.49;2.21;-4.11;130.93;303.91;386.96;463.45;494.61;543.06;594.43;631.91;675.52
-6.51;-9.14;-7.14;-5.76;1.67;-2.82;132.03;301.75;386.64;472.87;486.1;539.59;590.54;619.74;667.08
-7.83;-8.22;-9.75;-7.17;-0.74;-4.35;133.69;298.76;383.36;468.87;482.05;539.45;581.9;618.01;657.75
-10.55;-8.61;-10.89;-9.04;-3.62;-5.36;130.86;304.65;377.88;468.72;480.34;534.05;583.07;625.29;659.81
-10.12;-9.96;-10.24;-8.55;-1.98;-7.95;127.65;304.36;373.05;461.47;480.63;528.41;592.33;624.56;643.03
-12.21;-9.77;-11.38;-10.37;-4.01;-6.88;129.55;304.02;371.47;456.74;483.77;525.24;596.95;620.77;652.3
-11.33;-7.88;-11.49;-12.08;-1.87;-7.64;132.52;299.4;376.38;453.3;485.95;529.9;593.5;617.1;658.93
-9.17;-8.01;-12.89;-10.34;-1.9;-7.03;132.56;299.84;369.36;454.8;488.8;526.91;587.9;616.43;661.82
-9.4;-13.63;-13.13;-9.41;-2.96;-3.93;133.55;298.54;367.82;455.28;490.38;516.72;573.79;616.56;656.66
-7.86;-9.96;-10.05;-5.49;-5.18;-3.91;132.5;296.55;373.52;447.62;491.81;522.32;574.27;604.87;662.13
-6.13;-9.03;-10.9;-6.68;-8.15;-5.9;132.74;297.21;370.42;443.94;487.03;526.11;576.21;606.04;670.12
-6.62;-10.56;-11.21;-6.82;-8.8;-7.57;126.37;296.77;370.03;448.68;483.46;516.26;584.05;610.59;671.32
-9.2;-9.32;-12.64;-8.12;-6.45;-8.52;128.91;303.98;376.22;454.28;483.77;510.24;583.94;611.28;663.73
-8.73;-9.06;-15.04;-8.03;-6.4;-5.72;129.49;309.55;373.39;441.45;476.38;513.03;588.34;618.94;670.81
-8.19;-10.21;-9.94;-6.71;-5.16;-4.82;128.39;309.51;377.36;443.5;480.61;515.46;587.33;615.84;674.19
-8.79;-11.94;-9.76;-7.54;-3.74;-5.47;125.27;300.47;374.18;456.42;475.05;514.7;585.02;609.61;677.82
-8.58;-10.58;-11.41;-8.12;-4.05;-4.3;128.32;297.94;372.83;449.84;477.02;514.85;582.07;602.66;673.22
-7.96;-11.45;-11.95;-8.48;-0.79;-5.65;129.2;293.8;370.45;445.97;476.42;512.65;576.76;617.28;663.64
-4.7;-10.82;-10.26;-7.46;-1.22;-6.85;126.11;295.64;368.72;444.93;474.42;515.17;573.01;611.49;653.31
-6.16;-12.62;-10.27;-8.34;-2.75;-5.33;123.79;305.78;369.76;448.69;472.3;507.74;570.45;595.97;661.64
-8.09;-11.63;-5.67;-3.83;-4.64;-2.62;120.55;306.34;369.89;457.34;468.59;505.06;565.86;596.23;655.48
-11.38;-13.06;-7.51;-5.22;-1.59;-0.98;121.8;301.42;368.42;457.84;460.69;503.2;562.38;608.27;652.31
-12.8;-11.52;-6.59;-7.65;-2.11;-2.44;121.27;301.95;366.69;462.39;463.06;504.86;560.05;605.35;647.47
-8.29;-11.18;-5.88;-4.84;-2.42;-3.31;124.21;300.69;366.57;456.09;479.11;504.31;560.82;601.68;650.74
-6.4;-11.37;-7.66;-6.22;-3.26;-0.13;125.64;300.23;371.01;453.69;486.96;498.33;558.71;605.12;646.75
-5.88;-9.49;-11.45;-7.89;0.38;-0.46;127.04;297.36;369.03;457.03;480.32;502.16;559.33;600.23;640.66
-11.72;-7.19;-7.96;-10.58;0.88;-3.47;129.7;297.22;369.77;454.45;466.95;495.27;560.47;600.93;644.05
-15.1;-9.43;-7.43;-9.39;0.62;-3.9;134.88;300.12;367.43;447.82;465.59;492.08;560.77;603.76;640.62
-13.23;-13.05;-8.45;-7.6;1.21;-5.43;131.08;296.13;368.94;445.28;469.43;491.76;551.03;602.2;636.03
-12.61;-10.75;-8.31;-7.83;0.61;-9.43;127.79;294.04;368.09;443.48;467.57;492.7;554.5;587.71;633.18
-12.68;-8.62;-8.23;-8.07;-0.02;-6.43;134.17;302.94;362.05;444.46;467.79;500.12;556.76;585.81;642.91
-11.6;-9.47;-9.98;-8.71;2.08;-5.45;135.5;306.97;358.03;440.3;470.25;504.81;553.59;581.83;642.79
-10.58;-12.18;-8.25;-8.36;2.74;-9.01;132.15;304.36;359.69;442.23;460.07;501.13;543.49;591.69;631.37
-11.98;-7.31;-6.56;-9.12;-0.1;-7.67;129.01;295.6;357.22;439.83;455.42;501.34;541.01;601.66;632.83
-13.99;-7.37;-6.71;-7.43;-1.42;-10.98;131.79;299.08;363.02;436.69;453.71;501.6;544.47;598.95;639.67
-10.51;-10.11;-9.09;-8;0.54;-8.79;133.58;296.67;364.89;439.97;455.03;493.73;544.5;595.17;644.27
-9.25;-9.43;-11.52;-9.02;2.6;-5.97;131.9;294.41;368.16;439.97;461.57;482.38;543.94;601.05;654.4
-10.46;-8.38;-9.01;-7.86;0.41;-8.42;128.39;296.44;362.04;438.03;452.9;481.13;533.8;591.66;646.82
-15.04;-8.71;-4.37;-6.97;-1.44;-9.94;130.94;300.31;359.58;443.17;448.37;488.61;536.28;591.29;631.3
-10.4;-10.69;-5.85;-9.02;-0.44;-11.51;132.44;300.11;353.1;445.72;452.93;489.94;547.11;593.79;625.07
-9.37;-7.3;-7.9;-10.55;-1.68;-13.01;136.29;297.33;352.28;447.89;461.24;490.91;551.79;592.83;627.87
-11.02;-6.56;-7.66;-6.36;-3.32;-12;136.72;301.43;353.31;441.58;455.85;486.04;538.76;577.99;630.1
-12.82;-7.49;-7.8;-6.09;-1.99;-9.19;134.61;297.94;350.93;440.69;455.32;486.6;537.54;577.7;628.15
-18.24;-9.75;-5.02;-6.14;-0.85;-10.91;128.83;293.99;355.04;442.77;458.82;497.36;543.71;579.25;631.52
-18.43;-10.42;-4.32;-6.68;-1.84;-13.29;132.81;297.58;355.15;442.33;449.37;505.91;545.39;591.65;640.17
-17.74;-9.84;-5.21;-9.05;-3.07;-11.24;133.69;295.35;355.49;434.33;446.93;507.24;535.88;588.85;636.05
-12.13;-8.59;-5.84;-6.75;-0.96;-13.2;132.64;290.93;353.55;438.19;447.55;506.55;533.53;579.26;623.46
-11.02;-8.21;-7.65;-9.74;-4.56;-12.97;135.88;293.55;348.7;437.38;445.67;495.21;542.63;580.47;615.84
-16.31;-10.03;-6.36;-10.5;-2.37;-10.85;137.24;287.62;358.75;438.2;444.35;494.88;538.15;581.08;614.71
-16.94;-10.9;-7.62;-5.93;-1;-6.44;134.26;291.54;354.31;437.03;449.24;492.63;539.63;580.91;624.63
-17.78;-12.39;-7.82;-8.64;-5.44;-5.94;130.15;298.61;356.08;435.26;436.84;490.25;552.8;573.26;624.37
-17.29;-13.03;-8.01;-10.83;-7.2;-8.15;130.96;290.27;352.58;430.76;422.52;490.86;544.32;576.8;624.43
-10.95;-12.95;-5.21;-9.67;-6.15;-8.48;131.5;283.52;350.85;427.83;428.48;481.6;540.55;576.09;621.93
-9.5;-12.44;-6.71;-8.96;-2.86;-7.49;134.52;289.7;357.37;427.99;430.91;478.25;544.58;575.74;627.37
-12.73;-10.65;-8.6;-8.34;-3.63;-9.18;138.26;294.2;356.52;428.66;427.41;477.67;542.86;581.76;630.06
-14.47;-9.33;-8.46;-6.1;-3.05;-11.39;133.76;292.69;354.56;430.3;428.37;474.15;537.94;585.83;628.95
-14.04;-11.36;-5.13;-6.35;-4.1;-9.66;130.35;289.89;357.37;432.2;439.83;465.57;540.88;587.11;633.23
-17.65;-10.62;-7.51;-6.05;-5.63;-10.03;130.67;290.35;361.43;434.46;435.13;466.32;541;580.41;621.75
-20.48;-9.82;-8.63;-6.13;-8.39;-10.61;124.6;289.91;364.85;429.73;432.54;469.73;528.8;575.12;608.23
-28.51;-11.23;-4.56;-6.09;-3.19;-8.22;124.36;289.3;361.33;435.34;434.41;470.7;525.42;557.29;611.71
-28.89;-12.24;-2.14;-5.4;-1.66;-7.76;131.51;284.75;358.4;442.23;439.39;463.83;536.07;555.15;606.89
-28.14;-12.67;-4.04;-4.42;-2.3;-6.92;131.41;287.17;361.58;439.08;449.61;466.98;535.02;554.56;601.48
-26.62;-11.65;-4.64;-4.86;-0.89;-3.07;128.99;288.42;356.44;429.01;450.49;469.59;537.12;545.47;607.27
-23.48;-11.57;-2.88;-3.21;-2.66;-2.57;130.78;290.58;350.89;429.14;449.47;472.78;537.54;554.91;613.21
-22.39;-12.5;-2.2;-3.95;-1.74;-2.55;129.51;284.45;347.42;427.83;446.46;475.33;530.87;555.97;605.62
-22.67;-11.27;-0.64;-8.32;-0.06;-5.16;130.81;285.92;347;421.47;445.41;474.68;522.97;565.34;611.52
-20.15;-9.6;-1.37;-9.66;-1.41;-5.05;130.37;285.15;343.75;429.39;441.73;468.63;522.04;573.42;604.84
-21.22;-9.09;-2.71;-8.39;-1.06;-3.36;130.51;281.97;334.29;419.2;448.34;476.6;527.94;574.77;606.95
-20.45;-11.29;-4.83;-5.93;2.08;-5.41;130.86;284.82;337.98;417.65;442.5;474.4;521.32;557.81;596.43
-15.7;-8.5;-4.21;-5.27;4.03;-5.49;133.94;281.84;342.39;426.16;441.37;469.83;529.4;553.96;595.91
-12.62;-6.92;-4.64;-7.82;3.13;-5.87;132.57;278.52;343.47;426.18;446.74;469.51;527.9;556.26;592.48
-14.77;-7.65;-6.59;-8.55;0.75;-5.56;131.75;279;336.13;423.41;440.45;470.9;515.69;549.56;596.56
-17.61;-9.7;-7.29;-8.18;0.91;-7.48;127.39;282.66;336.98;419.98;437.63;468.18;509.59;554.24;588.21
-16.99;-7.6;-5.51;-8.13;1.15;-8.17;128.47;282.39;344.77;423.38;431.99;474.18;513.65;545.61;582.04
-17.89;-7.79;-6.61;-6.93;2.88;-3.81;130.5;281.72;345.26;422.71;439.01;474.49;516.88;546.17;587.46
-14.15;-8.46;-5.48;-10.12;0.83;-3.13;134.46;284.08;342.28;415.78;440.73;475.04;508.01;545.52;596.09
-9.92;-7.32;-5.41;-12.19;-0.05;-6.38;134.69;280.14;338.32;418.97;436.5;475.71;512.04;542.55;589.11
-6.82;-6.01;-3.97;-12.43;-0.83;-9.25;134.01;279.42;339.43;421.98;429.86;472.42;514.81;549.7;584.9
-7;-8.2;-5.48;-10.98;-2.6;-6.45;135.64;281.81;336.84;422.92;432.53;460.91;507.69;540.2;588.76
-5.52;-10.88;-9.31;-7.65;-2.36;-8.07;132.84;275.2;334.4;426.01;434.14;460.51;501.49;532.56;580.59
-4.48;-9.67;-9.25;-6.71;-0.9;-5.64;129.13;275.51;334.62;421.97;435.9;460.97;508.74;534;580.5
-3.12;-7.32;-9.64;-7.33;-1.47;-4.5;129.13;276.43;333.96;415.24;430.74;461.13;514.53;529.2;575
-6.21;-9.82;-8.81;-9.26;-0.97;-4.32;133.87;272.81;323.32;415.65;430.4;464.47;525.42;525.57;574.32
-6.82;-11.25;-11.44;-11.58;-0.43;-2.49;133.31;264.85;330.73;410.15;426.39;457.49;534.07;522.74;579.72
-5.35;-9.89;-11.19;-11.19;-2;-4.73;134.68;264.66;335.09;417.49;423.39;454.09;524.33;527.12;564.05
-4.34;-8.29;-12.38;-9.59;-1.36;-3.36;137.2;267.52;331.25;416.61;419.93;458.87;518.08;530.61;561.97
-3.1;-10.02;-11.92;-11.95;-0.81;-3.21;134.33;261.96;330.55;423.46;417.03;457.41;514.96;535.18;563.08
-3.41;-8.65;-11.6;-11.59;-2.42;-0.33;135.05;262.85;327.97;424.47;419.33;453.19;522.27;532.14;557.66
-5.26;-10.7;-8.84;-10.03;-3.28;1.8;134.87;261.49;329.43;418.56;429.12;452.05;521;531.8;558.37
-5.42;-9.86;-11.51;-7.46;-6.69;-2.22;133.52;260.9;329.33;418.06;426.33;452.32;512.46;522.31;554.63
-4.43;-11.43;-8.59;-9.16;-7.72;-3.04;137.41;257.78;335.78;409.63;420.67;456.59;513.41;525.72;550.8
-3.67;-11.53;-6.88;-7.76;-8.36;-5.75;136.94;259.55;337.94;410.31;417.09;449.93;522.82;538.67;554.8
-7;-10.53;-6.47;-9.18;-6.24;-5.26;133.55;256.47;335.59;408.97;415.17;451.67;513.05;525.04;560.53
-9.25;-10.71;-5.58;-10.67;-6.55;-6.2;131.63;257.58;333.8;402.31;416.78;452.29;511.28;513.56;552.99
-8.85;-8.76;-7.05;-6.65;-7.9;-6.04;129.65;258.07;324.48;402.11;407.8;449.02;508.43;520.45;551.58
-6.62;-9.75;-11.25;-4.9;-6.96;-4.36;127.99;257.4;331.4;405.62;408.66;447.94;511;530.79;555.79
-6.04;-11.82;-9.61;-7.18;-7.46;-3.15;127.81;256.85;330.69;410.17;409.81;453.47;513.5;526.05;556.04
-7.98;-10.14;-9.3;-8.08;-5.57;-2.18;129.49;260.19;328.9;414.14;409.98;453.52;509.12;530.81;547.8
-8.83;-9.83;-11.26;-8.83;-4.14;0.14;124.86;267.66;334.36;414.09;406.17;448.17;499.44;526.79;546.78
-9.78;-10.58;-12.81;-5.45;-2.73;1.08;128.54;270.97;335.76;418.82;402.27;443.45;496.15;525.77;555.53
-8.65;-8.31;-12.36;-6.4;-3.2;0.34;134.18;270.23;334.77;424.73;400.43;437.56;493.12;518.64;551.46
-9.19;-8.62;-10.49;-7.25;-4.32;-0.49;135.57;267.38;336.74;420.19;403.77;443.64;489.94;517.1;535.8
-11.92;-9.62;-10.31;-7.53;-2.21;1.37;130.2;259.83;335;416.62;408.3;449.44;491.57;529.43;541.77
-14.16;-9.12;-10.95;-6.03;-1.59;2.28;126.05;262.31;334.89;414.8;415.12;441.96;491.5;522.22;545.53
-15.12;-8;-10.04;-6.61;-2.93;0.48;122.58;260.65;335.2;414.91;410.9;445.63;493.74;521.21;533.96
-13.81;-11.05;-9.57;-7.51;0.13;-0.8;124.61;265.55;338.09;412.25;404.5;439.79;486.97;523.25;536.11
-11.37;-11.01;-8.88;-7.63;1.29;-3.05;124.81;266.5;336.53;419.64;411.44;440.47;477.22;521.15;544.99
-11.23;-9.94;-7.16;-4.95;0.99;-5.26;125.5;264.13;334.58;414.17;405.79;438.54;470.32;526.47;552.23
-11.13;-10.04;-5.27;-3.18;-0.79;-9.17;122.22;262.62;338.02;412.87;404.02;432.99;480.48;527.82;542.51
-11.75;-7.7;-4.54;-2.95;-1.58;-9.32;120.34;259.51;332.11;407.05;405.96;433.52;485.41;517.14;540.25
-9.6;-7.78;-5.85;-4.8;0.55;-9.28;119.02;261.36;331.2;404.01;413.61;438.94;475.5;522.8;543.54
-7.21;-9.16;-7.59;-6.29;3.38;-5.84;121;266.33;325.54;407.23;403.01;443.12;472.03;529.75;541.29
-8.54;-8.2;-6.14;-8.5;3.79;-9.14;121.05;268.73;326.4;400.8;402.94;440.42;474.41;524.99;535.44
-8.94;-7.13;-5.15;-6.25;2.72;-11.2;121.52;261.51;326.01;399.43;397.61;430.96;472.27;526.1;536.65
-7.6;-5.5;-5.39;-5.64;2.01;-11.69;120.33;256.08;324.65;399.7;394.8;431.07;472.55;524.51;529.38
-8.03;-5.49;-8.69;-6.39;1.59;-10.88;122.54;253.78;323.39;395.29;398.4;428.83;475.03;526.68;536.54
-7.22;-8.07;-6.97;-4.86;0.82;-11.01;120.72;259.29;321.41;388.75;398.95;421.94;480.77;527.61;534.49
-8.42;-10.94;-6.56;-5.07;0.68;-11.53;122.1;261.63;321.97;395.38;406.88;423.37;474.56;513.24;538.4
-13.3;-11.22;-5.38;-5.98;1.23;-5.51;121.76;259.15;325.43;400.66;413.47;430.5;469.79;513.12;534.93
-9.76;-10.94;-8.76;-4.35;1.9;-2.06;118.22;258.04;327.09;402.85;414.12;429.2;475.99;505.67;538.52
-11.03;-9.88;-7.89;-5.84;-0.38;-2.21;117.68;257.62;326.16;403.77;412.66;427.31;486.37;506.62;539.71
-13.6;-11.2;-5.84;-7.53;-0.88;-0.39;117.71;253.01;323.63;402.49;406.86;430.67;484.37;501.7;539.83
-10.88;-14.03;-9.94;-9.37;0;-1.76;114.45;251.4;316.23;399.75;399.7;432.61;481.35;506.43;529.16
-5.84;-11.08;-11.05;-7.25;-0.12;-8.9;119.58;252.65;309.08;403.83;397.17;430.62;483.44;496.24;540.4
-9.25;-11.96;-11.39;-6.25;-1.9;-8.81;123.01;250.86;309.5;398.68;395.25;427.71;482.19;494.7;541.03
-5.69;-6.31;-6.78;-4.16;-4.04;-5.57;110.51;225.07;282.73;347.82;346.31;356.7;409.33;426.92;450.86
19.35;9.04;5.75;-0.26;-3.1;-10.58;66.84;134.03;149.85;164.35;140.02;117.69;148.28;135.91;147.4
15.01;6.64;0.58;0.41;-2.25;-13.4;54.06;117.08;118.31;123.55;101.1;74.62;94.5;85.72;87.33
6.52;1.99;-3.95;-0.64;-1.85;-14.25;57.78;118.84;123.26;127.84;107.19;92.39;109.61;100.48;99.37
3.92;1.9;-4.18;-0.17;-2.01;-11.95;55.46;116.58;126.63;128.71;108.01;93.05;111.75;104.89;103.48
7.32;2.37;-3.87;0.13;-2.8;-11.69;51.31;113.94;123.54;125.72;106.8;91.58;111.58;106.44;107.82
6.11;1.96;-3.58;-1.54;-5.16;-10.35;52.39;112.23;123.61;120.27;106.51;90.64;112.33;105.16;109.86
7.03;-0.24;-3.15;-1.02;-4.33;-9.69;52.06;106.65;122.94;120.6;102.5;92.62;115.42;102.44;108.89
4.9;-3.77;-2.5;-1.85;-2.44;-10.82;50.83;106.96;120.01;121.45;101.95;89.56;111.3;101.31;109.82
1.21;-4.1;-2.96;-6.28;-4.25;-13.27;49.35;104.16;113.05;122.55;101.82;87.14;110.73;99.29;106.39
0.38;-4.19;-3.26;-4.84;-3.75;-13.05;48.93;101.35;109.6;118.64;98.49;89.34;107.54;97.67;101.73
0.17;-3.52;-3.79;-1.65;-5.46;-13.18;49.13;97.54;107.54;114.03;97.29;81.76;104.43;93.96;102.2
1.6;0.45;-6.71;-0.76;-4.72;-9.62;48.46;97.54;102.86;112.14;93.26;79.93;102.73;94.43;103.97
3.35;-2.35;-8.14;-1.59;-2.74;-8.26;48.22;97.69;99.31;113.83;90.22;71.95;97.56;95.03;99.47
1.82;-3.44;-6.43;-1.11;-1.77;-10.97;44.68;97.08;97.27;110.69;89.58;72.33;95.8;92.44;97.06
-0.45;-3.9;-3.66;-0.33;-1.05;-11.87;39.16;95.06;95.76;108.38;85.26;77.1;91.9;86.09;95.12
-2.82;-2.57;-6.45;0.3;-0.4;-14.24;37.71;89.2;93.91;108.31;82.71;79.8;88.59;87.7;96.19
-2.2;-2.06;-2.47;-0.01;-1.39;-14.45;36.45;84.44;90.96;104.01;83.76;75.39;89.67;89.36;93.67
0.25;-3.81;-3.71;-2.42;-2.64;-15.17;35.28;82.4;86.76;102.5;81.05;76.99;84.72;87.8;90.61
1.36;-4.23;-2;-1.97;-6.05;-14.31;37.35;82.47;82.99;101.28;77.45;74.87;83.78;88.27;87.58
1;-3.37;-0.54;-3.49;-3.13;-12.05;38.1;82.76;83.74;99.52;76.45;70.56;78.61;86.85;86.49
-2.93;-1.77;-0.82;-4.38;-0.9;-13.05;37.58;79.54;83.92;98.16;76.84;69.36;74.04;84.09;84.34
-2.5;-4.1;-2.38;-6.1;0;-12.38;35.16;78.45;81.49;99.56;77.76;70.19;77.42;81.03;82.32
-0.85;-6.92;-2.66;-3.73;1.51;-9.36;29.41;78.19;82.76;97.3;78.84;64.47;78.86;78.54;80.95
-1.44;-2.57;-3.96;-1.53;1.28;-9.26;24.43;74.8;83.28;93.49;72.87;70.97;73.91;76.62;78.18
-3.08;-1.81;-3.65;-2.27;1.32;-12.49;24.53;67.37;76.55;90.75;68.94;72.18;67.72;74.85;75.78
-3.24;-0.64;-3.67;-4.17;3.73;-11.09;22.96;69.12;72.95;86.69;70.91;63.65;67.74;72.07;74.16
-2.47;-0.79;-5.19;-4.66;3.07;-13.99;25.79;68.24;67.41;87.29;68.73;60.66;67.82;72.76;70.92
-2.47;-0.41;-4.5;-5.38;2.48;-18.14;27.76;67.97;67.24;85.88;66.07;56.3;65.52;72.76;69.38
-4.83;-0.33;-4.48;-4.69;2.28;-21.26;30.7;68.85;68.86;85.38;64.79;60.62;62.53;71.14;68.24
-5.56;-1.31;-3.82;-3.23;1.3;-20.48;32.12;67.19;67.75;82.52;62.39;61.63;63.02;66.76;68.05
-5.47;-1.95;-3.27;-5.52;-0.67;-19.52;32.23;66.11;67.2;77.22;61.18;57.97;60.58;62.94;67.48
-6.69;-1.87;-3.19;-5.53;-0.52;-17.83;32.54;63.96;66.33;77.44;58.25;56.97;61.21;60.42;65.77
-7.63;-3.44;-4.14;-5.67;-1.58;-14.28;32.79;63.77;66.15;77.98;53.23;56.09;62.18;58.8;63.33
-3.03;-2.41;-2.82;-4.21;-1.84;-13.72;29.45;61.6;61.12;76.41;56.31;55.02;59.51;59.91;61.15
-1.66;-0.35;-2.52;-2.58;-0.07;-19.44;29.03;58.64;63;73.69;58.29;50.76;59.17;61.66;61.39
-1.81;-1.51;-5.05;-4.25;-1.23;-17.45;28.6;54.01;62.35;72.8;53.41;51.18;59.03;58.03;59.51
-2.23;-3.81;-6.02;-7.39;-3.02;-13.5;26.64;53.64;58.71;71.4;52.67;51.72;55.61;59.08;57.33
-0.05;-2.87;-5.99;-7.73;-0.46;-12.99;25.35;53.25;57.64;70.13;54.08;55.18;54.21;60.17;52.78
-1.28;-2.04;-6.66;-10.88;-1.52;-13.96;21.2;52.98;57.74;66.79;52.33;53.54;51.47;58.2;48.85
0.44;-4.09;-5.72;-11.81;-3.38;-18.3;21.46;54.37;58.48;66.9;49.31;51.46;49.68;55.17;49.32
-3.12;-3.04;-7.53;-6.71;-2.4;-23.65;23.15;53.11;57.78;66.75;48.25;49.42;46.63;49.28;47.26
-3.46;-4.47;-5.67;-5.97;-5.86;-17.53;25.85;49.74;52.54;62.17;49.57;46.07;47.34;46.82;48.32
-0.97;-8.93;-4.71;-7.04;-6.23;-11.85;26.56;50.88;53.09;59.69;50.18;43.38;50.95;45.23;47.52
0.24;-5.83;-7.48;-8.9;-6.29;-17.01;22.01;49.34;52.69;60.83;50.67;43.52;52.89;40.98;44.67
-1.29;-3;-6.8;-7.9;-6.59;-16.54;21.4;42.8;51.24;61.18;47.86;36.99;52.07;42.73;42.45
-2.43;-5.45;-4.24;-6.32;-7.41;-19.3;16.68;43.98;48.86;60.12;50.68;37.08;50.59;43.17;42.23
-2.37;-8.47;-5.82;-4.74;-8.26;-19.83;12.43;46.56;49.74;63.25;46.43;40.52;49.92;42.17;44.43
-3.14;-7.43;-6.22;-4.81;-5;-14.3;13;45.48;50.68;60.04;48.49;42.6;49.65;40.73;43.47
0.48;-8.18;-3.7;-4.75;-6.56;-14.51;13.92;45.47;48.97;58.08;46.99;43;50;41.25;42.39
-0.93;-7.85;-3.6;-4.8;-7.12;-13.74;15.87;44.64;48.06;56.19;47.64;39.26;48.01;39.2;42.2
-1.89;-8.24;-4.68;-2.91;-7.17;-10.81;17.37;43.59;47.5;57.55;47.29;34.96;45.52;40.41;44.22
-2.29;-5.87;-8.39;-3.94;-3.33;-12.07;13.28;41.54;46.03;54.08;44.62;35.35;43.71;41.29;41.14
-3.45;-6.37;-8.9;-7.34;-3.98;-12.37;11.14;38.64;46.48;51.44;45;34.61;41.57;41.16;39.6
-2.65;-7.12;-7.91;-8.16;-3.96;-15.98;11.78;38.44;41.99;53.12;40.09;26.68;42.64;40.68;41.58
-3.69;-4.63;-5.84;-5.52;-2.44;-16.66;16.68;37.79;40.69;54.88;39.75;29.56;42.79;37.73;41.4
-1.61;-4.93;-3.24;-3.24;-3.19;-14.21;12.61;36.44;41.44;53.4;38.35;25.97;40.04;38.94;41.25
-0.87;-3.45;-2.59;-1.84;-3.37;-13.96;8.13;33.56;42.55;52.67;35.52;22.31;40.12;40.62;42.22
-0.66;-4.85;-1.89;-2.45;-3.01;-15.54;5.18;34.22;43.6;51.18;33.23;21.56;40.43;39.64;43.25
-1.59;-5.64;1.2;-3.14;-3.75;-12.82;3.31;33.44;45.18;51.69;33.36;27.82;40.27;39.71;43.19
-3.41;-4;1.06;-4.06;-2.95;-11.44;2.1;36.43;44.07;51.87;33.23;31.8;38;38.64;43.35
-3.75;-3.88;-1.77;-4.39;-2.3;-11.04;0.23;37.17;44.77;49.86;33.01;31.35;31.89;35.79;41.67
-1.45;-6.51;-4.67;-3.52;-0.33;-16.42;0.4;34.44;46.47;48.66;34.28;23.23;32.91;38.21;40.55
-1.68;-7.13;-5.51;-2.41;1.37;-16.22;-1.14;30.8;41.42;47.14;34.37;21.28;35.9;38.51;39.69
-2.96;-4.82;-4.38;-3.4;1.75;-12.84;-2.22;30.91;39.3;45.19;33.79;20.36;34.3;38.32;40.29
-3.57;0.63;-2.72;-3.36;2.67;-16.09;-0.36;32.1;40.55;48.23;30.96;22.24;31.14;37.44;37.42
-2.5;-0.25;-2.47;-1.65;1.33;-16.51;2.67;29.45;39.92;43.73;27.98;22.83;29.82;35.19;34.14
-2.99;-2.07;-3.89;-4.85;-0.43;-19.11;-0.11;30.65;36.87;39.42;30.16;20.83;29.91;36.9;35.41
-4.5;-1.33;-3.91;-6.19;1.48;-19.33;0.71;29.95;34.5;40.65;32.22;21.96;24.99;36.02;34.97
-2.61;-0.6;-3.21;-5.28;1.47;-22.5;-0.06;30.17;34.27;40.44;33.54;25.03;25.87;33.88;33.69
-2.52;-2.77;-6.77;-9.01;2.94;-21.28;3.76;30.45;33.03;40.63;32.55;22.98;26.54;32.43;31.72
-2.87;-2.48;-6.9;-9.14;4.53;-21.96;3.37;29.88;30.99;37.25;31.9;18.36;25.43;30.13;30.05
-4.03;-1.36;-6.69;-5.85;1.37;-21.43;1.51;30.82;32.4;33.77;28.74;19.72;22.8;27.86;27.87
-4.86;-1.22;-6.77;-6.06;-1.56;-23.24;5.89;31.09;32.32;35.05;27.07;20.59;26.23;28.46;27.56
-2.85;-1.96;-6.12;-5.99;-1.75;-23.17;6.35;31.01;30.04;34.68;30.75;18.86;27.91;31.34;25.97
-1.52;-1.48;-5.69;-5.35;-0.57;-21.89;3.88;28.91;30.38;34.4;32.64;20.41;29.19;30.01;25.2
-1.2;-3.05;-4.83;-6.37;-3.32;-22.91;2.82;27.3;29.04;32.51;29.73;16.54;29.8;24.39;23.29
-2.1;-4.7;-3.24;-8.33;-4.51;-20.02;1.65;25.31;29.23;30.95;24.39;15.7;28.03;24.41;23.37
-1.19;-4.62;-5.36;-7.21;-0.59;-21.96;1.05;24.26;28.62;28.35;29.62;17.93;25.79;26;23.92
-1.26;-4.35;-6.28;-8.25;-2.49;-27.3;2.83;23.7;26.94;29.34;29.3;12.58;24.64;26.68;20.78
-2.72;-7.01;-8.41;-7.66;-3.7;-25.2;4.35;22.99;24.81;27;25.86;11.09;22.89;24.86;16.69
-3.87;-6.13;-8.89;-5.78;-1.31;-22.28;4.99;23.77;27.63;27.15;25.8;8.29;22.32;20.01;21.52
-3.13;-4.66;-10.37;-3.94;-1.88;-20.97;7.06;23.06;27.93;29.33;25.22;5.11;28.52;20.18;20.94
-3.85;-6.9;-9.6;-4.37;-1.52;-17.68;9.82;23;27.18;28.25;26.41;6.42;24.58;23.81;21.16
-2.93;-5.27;-9.59;-2.78;-3.77;-16.63;10;20.19;30.66;27.1;27.11;5.33;22.22;24.75;18.66
-0.34;-5.39;-6.69;-5.72;-6.67;-20.09;11.59;19.48;28.7;27.33;26.39;7.32;22.97;22.13;16.94
-1.06;-2.37;-5.91;-6.93;-5.11;-19.53;8.35;20.01;25.29;28.03;25.83;7.38;25.26;19.18;20.98
-2.94;-2.88;-6.95;-4.46;-3.07;-16.41;4.34;21.55;27.12;29.42;25.14;5.62;28.28;17.53;22.16
-2.11;-6.03;-6.44;-3.71;-5.1;-15.47;6.43;20.59;26.47;28.8;22.19;0.61;24.1;17.31;19.33
-1.17;-4.94;-7.54;-4.9;-6.22;-14.71;8.01;19.75;23.93;27.87;18.39;1.7;20.64;16.87;21.85
-2.91;-5.14;-9.02;-5.31;-6.05;-15.36;5.64;19.72;21.79;24.8;18.39;4.53;17.98;17.48;21.5
-1.98;-6.06;-7.2;-4.93;-4.82;-19.06;4.76;17.6;22.99;24.38;17.3;1.64;18.63;18.09;20.69
-4.8;-6.42;-4.76;-3.25;-3.08;-15.19;7.82;18.52;23.05;24.65;16.05;-1.04;18.36;17.76;18.28
-0.45;-5.38;-7.1;-5.12;-3.89;-14.01;8.94;19.91;24.69;23.14;14.89;-3.68;17.93;17.25;18.91
0.87;-4.7;-4.86;0.13;-2.98;-15.33;6.39;17.01;24.22;24.32;15.3;-5.25;19.42;17.26;20.91
-1.5;-6.55;-1.46;0.72;-4.05;-13.59;5.72;18.76;22.09;27.43;16.91;-3.51;19.84;17.25;23.2
-2.28;-5.61;-2.05;-2.59;-5;-11.83;3.78;18.79;19.84;25.96;13.97;-3.39;20.19;14.94;23.09
-4.72;-2.84;-4.61;-4.22;-1.87;-13.66;5.29;16.07;22.31;27.43;12.45;-6.49;19.01;18.72;22.05
-2.52;-0.19;-6.34;-5;-2.68;-12.64;4.68;18.38;20.89;28.19;13.48;-4.22;17.66;21.59;19.56
-0.24;-2.57;-6.56;-6.25;-4.22;-12.15;6.48;20.88;20.31;25.5;12.03;-2.98;16.52;21.41;20.57
-2.16;-4.3;-6.32;-5.23;-2.01;-11.45;6.08;19.43;19.87;24.45;9.75;-0.6;15.44;21.62;21.77
-3.01;-4.38;-5.93;-4.36;0.74;-15.7;3.85;16.64;19.41;24.2;7.35;-4.93;10.29;21.89;20.46
-6.06;-4.82;-6.07;-4;-1.31;-14.83;3.39;15.04;21.81;22.78;10.27;-7.69;8.43;22.25;22.14
-5.21;-5.72;-7.16;-3.54;-0.39;-12.94;2.42;12.06;21.44;21.02;11.91;-10.5;8.86;20.35;18.87
-3.13;-3.24;-6.38;-1.68;-0.32;-8.75;4.55;13.92;19.72;21.05;8.41;-7.11;8.09;18.82;17.58
-2.59;-2.78;-4.3;-2.46;0.91;-9.25;4.11;16.28;19.18;21.84;5.92;-5.24;7.57;18.37;16.7
-2.7;-2.33;-3.53;-5.15;3.91;-13.18;1.85;11.58;17.41;18.81;7.53;-4.06;8.6;16.32;17.24
-4.81;-2.86;-5.64;-5.04;4.54;-15.36;1.5;8.24;17.42;17.71;9.27;-2.53;10;18.44;15.95
-2.52;-1.02;-5.58;-6.33;1.02;-15.51;-0.07;5.69;14.22;16.04;9.37;-7.41;10.59;18.8;14.11
-1.31;0.33;-3.21;-4;0.01;-16.56;-1.21;5.94;14.29;16.34;8.18;-3.6;10.03;14.7;15.17
-2.38;-2.93;-1.81;-5.59;-1.13;-18.31;-2.83;9.43;13.66;16.76;8.23;-0.71;9.33;13.5;14.74
-2.36;-4.94;-1.4;-5.21;2.51;-17.02;-1.84;11.34;13.93;15.92;10.54;-6.13;7.16;14.43;12.66
-5.22;-5.71;-5.03;-3.17;0.65;-17.92;2.23;11.46;13.55;13.77;10.9;-6.44;10.28;15.58;12.23
-4.82;-4.96;-7.51;-2.97;-0.02;-19.63;-0.4;8.33;13.36;13.65;9.24;-1.54;8.41;15.18;12.4
-4.09;-3.89;-8.47;-4.96;-0.91;-18.74;-1.79;7.09;12.39;13.93;12.65;-1.6;5.49;16.71;13.78
-4.78;-6.33;-8.48;-4.3;0.32;-18;-1.64;8.99;13.54;13.36;14.57;0.5;8.63;15.03;15.11
-2.77;-5.74;-8.5;-5.94;-0.16;-17.57;0.37;8.65;13.15;15.43;10.75;0.16;6.64;8.96;13.81
-2.82;-4.47;-8.12;-8.67;-0.3;-19.35;0.79;9.1;12.75;15.55;10.16;1.86;6.02;10.83;12.44
-3.52;-5.89;-8.26;-6.4;1.86;-21.43;3.36;8.66;13.11;13.9;10.14;3.64;7.91;12.08;12.65
-1.2;-5.52;-10.16;-7.76;-1.46;-19.57;4.64;8.68;11.71;10.79;11.85;-0.47;10.32;10.82;10.06
-2.06;-5.42;-9.58;-4.94;-3.68;-17.41;4.55;4.87;11.41;11.56;14.02;-1.47;11.79;10.77;7.81
-6.36;-5.34;-8.08;-5.13;-4.4;-19.21;1.5;4.66;10.74;13.26;11.86;-1.76;8.53;9.55;7.3
-7.05;-4.99;-6.25;-8.48;-5.46;-21.57;3.3;3.83;11.07;12.28;10.92;-0.97;7.76;7.16;7.14
-4.18;-7.66;-5.1;-7.24;-3.16;-19.94;4.41;5.79;11.69;12.05;9.68;-1.24;8.18;9.06;7.94
-4.25;-6.64;-5.66;-5.55;-1.68;-17.81;0.05;8.33;12.55;11.97;10.08;0.19;8.6;11.75;8.15
-6.29;-4.69;-5.38;-7.31;-5.54;-16.05;-2.84;7.79;14.12;12.6;8.81;0.23;7.75;14.29;10.74
-7.06;-6.82;-6.75;-7.22;-7.47;-19.19;0.89;4;13.52;15.42;10.26;2.41;7.92;13.91;10.86
-0.8;-6.62;-7.1;-4.06;-3.59;-19.78;-1.3;5.85;14.92;15.82;12.5;-2.7;10.82;10.63;11.45
-0.15;-7.26;-9.68;-3.85;-3.54;-21.86;0.91;6.7;12.15;12.78;8.85;-6.95;10.56;8.13;9.77
-1.71;-10.74;-8.2;-3.87;-2.79;-22.24;1.43;7.67;9.69;12.74;8.7;-6.38;9.36;9.62;10.79
-1.04;-10.55;-7.52;-3.74;-4.75;-19.68;-1.23;9.28;9.83;11.24;8.64;-5.58;9.7;8.55;10.58
1.15;-8.88;-8.08;-2.24;-4.78;-18.9;-3.07;7.06;12.31;11.16;8.3;-3.29;8.83;9.67;10.98
0.03;-7.56;-9.46;-2.15;-3;-18.65;-0.75;6.38;11.58;12.74;9.19;-2.38;9.26;13.99;12.12
-0.66;-6.44;-7.37;-1.46;-3.07;-16.71;-0.38;8.49;11.43;14.46;8.35;-3.91;9.86;13.21;11.47
-1.01;-9.07;-7.01;-0.8;-3.59;-14.03;0.23;9.58;13.86;14.38;8;-4.7;8.79;9.81;13.03
-0.44;-6.7;-5.18;-0.25;-5.15;-12.64;-0.71;10.54;14.32;12.72;7.84;-5.58;7.01;7.13;12.82
-1.84;-5.69;-5.31;0.3;-2.84;-11.91;-2.73;8.85;11.9;14.04;8.33;-4.19;8.74;10.15;10.77
-2.36;-6.81;-5.62;-1.3;-2.14;-12.18;-0.93;8.85;11.87;12.34;7.22;-10.04;10.18;14.36;9.82
-1.4;-4.88;-4.54;-2.49;-3.09;-18.57;0.6;7.37;10.55;12.77;5.78;-9.91;9.31;13.16;9.61
-0.49;-4.13;-7.48;-1.81;-5.76;-18.16;2.3;5.04;11.94;15.95;4.63;-10.05;5.3;12.16;9.87
-0.37;-5.46;-8.74;-3.66;-5.9;-15.41;3.96;7.61;11.73;15.94;0.47;-11.27;4.76;11.02;10.16
-1.96;-6.22;-6.06;-4.03;-2.51;-16.01;1.39;7.55;11.21;14.57;2.88;-6.17;2.03;13.3;10.08
-2.4;-6.47;-5.77;-4.38;-1.33;-19.59;-3.15;7.26;11.06;13.14;1.87;-6.79;1.54;14.73;9.18
-1.4;-10.57;-7.16;-5.02;-0.54;-18.82;-4.5;7.32;10.58;13.33;0.69;-9.74;3.77;14.94;9.46
-4.93;-7.41;-7.42;-4.38;-0.99;-19.34;-6.54;9.82;9;10.46;4.31;-7.88;3.67;11.79;12.15
-4.84;-3.85;-5.3;-3.33;-0.18;-19.64;-7.32;8.18;7.93;11.8;2.51;-5.94;1.97;11.47;11.06
-3.17;-4.35;-3.5;-2.74;0.29;-19;-6.78;6.47;6.85;13.99;2.3;-4.33;1.18;10.86;11.5
-2.8;-6.75;-4.66;-1.98;-0.04;-17.16;-5.94;5.42;7.41;11.84;5;-4.47;2.37;11.99;9.1
-2.67;-3.53;-7.41;-2.14;1.91;-18.69;-8.27;4.72;6.52;9.41;5.12;-4.15;2.02;13.46;6.21
-3.78;-1.81;-10.2;-0.73;2.15;-19.24;-6.39;4.93;6.11;10.38;6.63;-4.16;0.65;11.12;10.1
-4.46;-4.9;-7.75;-4.54;0;-19.34;-4.77;4.61;6.84;12.16;9.34;-7.86;-0.02;8.66;7.47
-2.48;-4.11;-7.25;-5.61;0.97;-19.47;-3.49;5.28;5.37;10.68;8.79;-8.33;-1.08;9.88;4.93
-2.84;-3.38;-7;-5.51;1.73;-18.36;-2.53;3.31;6.71;7.39;5.55;-10.17;-0.89;9.08;5.2
-4.35;-3.53;-8.27;-3.57;-0.31;-19.77;-2.64;1.17;7.43;9.2;4.43;-12.81;-0.78;6.99;6.15
-4.25;-2.56;-7.31;-3.23;-0.1;-17.78;-2.47;0.76;8.57;10.64;6.49;-13.43;1.71;5.78;4.08
-4.28;-2.33;-8.52;-4.38;1.53;-17.98;-4.69;4.15;7.64;7.99;8.57;-17.32;1.4;5.72;5.5
-1.59;-3.21;-8.82;-4.78;-0.49;-16.19;-4.7;3.67;7.22;9.93;9.61;-16.75;4.01;4.43;7.71
-3.35;-2.64;-12.35;-5.23;-1.71;-18.63;-2.07;3.48;6.02;11.44;9.01;-22.86;7.77;3.98;6.13
-4.2;-4.8;-11.84;-4.13;-1.72;-15.62;-1.17;5.47;7.19;8.36;7.17;-13.6;5.26;4;4.53
-6.02;-5.74;-9.02;-4.58;-3.2;-15.52;-0.97;5.89;6.9;6.34;9.37;-15.6;4.08;3.87;4.61
-5.84;-5.2;-9.72;-5.09;-3.59;-14.98;-3.24;5.45;6.34;5.6;8.73;-19.84;5.51;2.09;4.05
-4.94;-4.37;-7.04;-4.91;-3.28;-22.88;0.83;4.85;6.62;6.42;6.65;-17.54;3.34;3.12;1.05
-2.95;-2.05;-7.03;-2.79;-3.49;-26.39;1.09;6.49;4.47;7.16;6.07;-11.86;4.38;1.85;1.73
-1.23;-4.5;-10.01;-4.03;-4.66;-19.46;-1.29;5.6;4.92;5.36;2.62;-8.58;4.72;2.47;3.25
-1.26;-4.74;-10.86;-5.83;-5.1;-16.47;-0.34;5.5;5.27;6.18;4.89;-8.43;8.55;2.34;2.69
-1.07;-4.12;-11.67;-6.83;-5.35;-15.05;-1.83;4.12;6.75;6.1;6.55;-8.69;10.7;1.22;7.57
-1.49;-4.55;-11.54;-4.61;-5.94;-18.62;-3.01;7.27;6.93;6.91;6.69;-11.7;8.62;2.33;8.14
-0.61;-6.12;-12.45;-1.11;-7.8;-18.22;-1.28;7.63;5.51;4.7;6.64;-14.08;9;3.89;6.65
-0.56;-7.03;-11.02;-3.38;-8.26;-16.14;-0.97;5.87;4.79;5.02;7.47;-12.98;3;4.45;7.07
-0.93;-3.92;-10.46;-3.51;-6.68;-19.15;-0.7;7.34;4.8;6.68;7.89;-10.14;3.19;5.77;4.55
1.46;-6.19;-9.44;-4.14;-6.74;-18.51;-2.2;8.2;5.65;8.1;6.51;-8.47;4.15;3.19;3.96
-1.36;-6.6;-7.44;-4.37;-7.19;-20.53;-2.72;6.04;6.87;6.66;5.42;-10.22;2.53;3.92;2.48
-0.44;-7.48;-8.96;-3.3;-6.86;-19.84;-2.33;6.37;5.14;8.34;4.93;-9.66;3.89;4.96;2.94
-0.71;-4.86;-9.3;-2.17;-3.52;-14.14;-4.25;5.95;4.39;8.64;8.49;-3.7;2.59;5.52;3.87
-2.55;-4.34;-8.87;-2.51;-1.88;-14.27;-2.85;6.7;4.58;7.41;7.91;-5.1;-1.01;5.01;6.51
-3.08;-4.69;-9.48;-0.96;-3.5;-20.77;-4.51;8;5.86;8.91;5.87;-8.71;-1.24;3.66;6.63
-2.63;-4.66;-9.58;-3.03;-4.69;-21.46;-6.48;5.14;7.63;7.15;5.92;-8.31;-0.2;8.26;9.25
-2.24;-4.85;-9.39;-2.52;-1.77;-17.36;-5.09;5.95;5.85;8.4;4.38;-10.49;1.62;6.99;8.66
-2.13;-5.14;-9.89;-1.74;-3.34;-19.84;-1.91;4.99;7.13;5.02;2.79;-11.91;4.31;7.25;7.83
-2.78;-5.25;-10.12;0.53;-5.36;-15.83;-2.39;4.32;6.8;7.58;1.4;-13.76;-0.98;8.24;10.35
-3.03;-3.23;-6.19;0.11;-4.33;-12.15;-3.54;3.67;5.64;7.9;3.32;-13.54;-3.46;7.7;11.22
-3.02;-2.11;-4.57;-1.04;-0.6;-15.04;-3.36;6.16;5.42;8.15;4.53;-10.91;-4.9;8.89;10.55
-2.72;-3.04;-6.23;-1.88;1.99;-16.36;-0.77;4.52;9.46;8.36;1.52;-13.04;-2.11;11.75;9.57
-1.64;-5.6;-8.34;-3.37;2.33;-16.02;-2.11;4.13;9.98;7.49;2.04;-17.49;-1.48;9.51;8.73
-1.46;-3.71;-8.79;-2.61;0.21;-16.48;-7.27;3.2;9.39;8.13;2.61;-14.26;0.32;9.49;8.1
-0.4;-3.19;-9.31;-3.13;0.69;-16.35;-9.25;3.38;8.72;8.25;2.01;-15.12;-1.76;10.34;6.22
-1.93;-3.21;-8.84;-4.66;1.28;-11.61;-8.44;1;6.42;8.18;1.48;-17.15;-6.13;7.38;4.1
-2.22;-2.44;-8.37;-2.69;3.01;-13.72;-8.59;2.57;5.83;7.85;0.03;-14.81;-3.02;11.11;2.3
-4.31;-3.85;-6.03;-2.28;3.68;-10.99;-5.67;1.32;7.2;7.01;3.55;-14.44;-1.81;8.42;2.75
-5.36;-3.5;-8.36;-2.62;1.81;-9.75;-4.09;2.04;6.77;5.26;3.82;-13.88;-4.13;4.44;2.14
-3.92;-4.44;-9.24;-5;0.66;-11.43;-3.97;2.08;3.25;4.68;3.59;-12.86;-5.44;5.02;2.24
-2.6;-4.62;-10.22;-5.81;2.22;-9.4;-4.22;0.89;0.5;5.43;4.98;-12.87;-6.04;3.54;1.63
-2.09;-3.74;-10.35;-5.61;1.37;-5.51;-5.3;1.65;3.91;4.37;4.06;-11.11;-5.08;2.43;3.18
-3.76;-2.3;-10.09;-6;0.36;-11.29;-7.27;1.61;4.34;4.29;3.36;-11.25;-5.3;3.22;2.63
-2.87;-6.05;-11.53;-5.97;2.51;-12.71;-4.72;0.84;0.79;4.29;1.98;-11.29;-8.19;1.88;1.77
-3.1;-6.71;-12.64;-6.28;1.22;-13.14;-4.06;2.11;-0.2;5.62;2.82;-10.05;-5.52;2.69;1.95
-2.09;-4.93;-9.79;-4.06;-1.64;-13.52;-2.09;0.46;-0.29;4.25;3.26;-5.03;-0.76;2.22;2.63
-1.39;-4.94;-8.54;-4.3;-0.48;-13.47;0.19;1.39;0.04;5.7;4.97;-4.38;-0.93;2.59;4.19
-1.16;-7.22;-6.49;-3.69;2.06;-14.14;-1.26;-1.14;-0.2;3.6;4.15;-6.52;-1.65;5.89;2.8
-0.83;-6.43;-8.23;-4.09;-0.13;-13.82;-0.79;-0.25;0.18;1.52;1.35;-7.15;-3.61;4.45;-0.52
-0.55;-6.37;-8.12;-4.47;-2.65;-11.26;-0.26;2.17;1.02;-1.24;3.81;-7.74;-3.71;-0.62;-0.35
-1.14;-6.89;-9.57;-4.23;-2.05;-11.23;0.43;3.11;2.82;-0.48;4.17;-11.64;-3.53;-0.88;1.26
-1.89;-7.41;-9.93;-6.67;-2.86;-12.14;-0.12;2.69;4.09;-0.62;7.07;-14.13;-0.54;-3.31;0.3
-2.31;-8.53;-11.13;-4.34;-3.43;-14.61;-0.21;0.02;2.78;4.13;6.43;-13.81;0.85;0.78;1.57
-2.72;-7.14;-7.18;-3.82;-6.29;-13.18;0.35;1.7;0.76;2.51;7.76;-12.57;-0.33;1.66;1.72
-2.66;-5.64;-8.61;-3.93;-6.16;-13.04;0.15;1.16;2.02;0.73;4.52;-11.19;0.83;0.87;0.46
-1.62;-5.97;-6.57;-4.37;-7.44;-17.17;-2.01;0.18;3.07;1.45;3.36;-13.36;2.94;-1.53;1.3
-0.46;-7.14;-6.76;-3.61;-6.23;-16.24;-5.23;0.82;1.2;-0.75;2.1;-10.42;5.28;-2.36;1.62
-2.61;-6.71;-7.48;-4.1;-4.53;-13.85;-4.91;1.32;4.29;1.17;-1.76;-11.55;3.36;-4.29;2.14
-2.13;-7.34;-7.57;-2.41;-4.66;-12.69;-4.8;1.64;5.75;2.08;2.25;-11.99;2.7;-2.03;4
-0.81;-7.97;-6.91;-5.3;-1.79;-15.41;-3.31;-0.08;2.2;2.31;1.26;-9.96;0.52;-1.24;2.21
-1.89;-7.95;-4.69;-3.27;-5;-12.93;-2.56;1.61;2.8;0.9;-1.09;-13.06;3.24;-2.09;2.35
0.61;-8.15;-6.85;0.23;-6.42;-9.6;-4.09;2.95;4.41;1.34;0.51;-14.63;5.71;0.61;1.75
1.2;-5.66;-8.05;-0.44;-4.62;-14.03;-7.37;0.74;5.4;1.54;3.42;-11.52;2.57;3.63;1.63
-2.16;-6.37;-8.23;-0.19;-4.2;-16.41;-6.53;2.17;5.02;2.63;2.91;-11.9;-3.42;2.94;4.77
-2.27;-6.71;-6.75;-0.91;-4.52;-17.26;-3.23;5.32;4.83;4;0.76;-15.49;-2.37;-0.49;6.36
-3.97;-7.13;-2.99;0.69;-3.7;-11.51;-4.92;5.43;6.1;4.13;0.83;-13.33;-0.2;0.68;4.18
-4.25;-8.28;-5.54;0;-1.64;-7.72;-9.04;4.98;6.43;5.04;2;-10.97;-1.85;4.23;6.34
-2.93;-6.43;-3.66;-1.9;-4.72;-7.9;-8.99;0.86;5.45;4.26;0.52;-12.1;1.33;5.49;6.37
-2.88;-4.06;-2.98;-2.12;-4.94;-8.71;-6.94;1.08;5.11;3.39;0.13;-17.5;-1.57;6.15;6.09
-3.5;-3.26;-4.7;-2.23;-2.54;-8;-5.71;1.46;6.11;4.08;1.19;-17.76;-4.32;6.36;7.51
-2.41;-3.05;-3.58;-2.42;-0.08;-10.05;-6.49;3.26;7.23;4.51;3.59;-14.02;-9.51;7.17;6.1
-2.5;-4.56;-2.84;-2.51;0.62;-12.02;-3.27;3.53;5.06;4.55;2.62;-14.44;-7.05;6.84;5.59
-3.37;-6.25;-5.03;-2.56;0.4;-9.29;-5.26;3.29;5.6;4.05;3.44;-20;-0.75;5.69;3.48
-2.31;-2.9;-5.13;-4.54;1.54;-9.99;-7.84;2.18;6.81;2.42;2.35;-15.83;-2.44;6.86;4.83
-0.96;-2.84;-0.47;-3.95;1.53;-12.23;-7.18;1.16;4.5;3.01;1.06;-8.97;-5.49;6.22;2.02
-1.63;-2.66;-0.66;-2.68;3.65;-11.42;-5.8;1.87;1.73;4.5;0.89;-8.35;-8.12;7.24;2.09
-5.16;-0.03;-2.04;-2.73;2.58;-13.37;-3.9;0.59;2.28;3.62;1.33;-4.96;-3.89;5.95;2.83
-6.79;-0.47;-3.52;-4.71;1.79;-12.82;-4.02;2.01;3.27;6.66;1.58;-6.95;-3.26;6.83;3.65
-10.42;-1.24;-8.47;-4.79;1.69;-12.89;-6.97;1.28;4.55;7.63;0.08;-5.47;-2.93;5.14;3.29
-6.18;-0.67;-6.35;-4.68;0.6;-15.13;-8.82;1.6;4.55;3.79;-0.59;-7.73;-2.76;4.78;3.15
-5.75;0.82;-3.63;-4.66;2.84;-13.19;-9.61;2.43;4.97;1.7;0.51;-8.25;-4.43;6.68;1.46
-6.27;-0.51;-5.66;-4.64;0.42;-13.95;-8.84;1.37;3.82;1.66;0.16;-7.66;-4.54;5.76;2.4
-5.87;-1.17;-9.37;-3.03;-2.02;-11.14;-6.28;-1.25;4.37;1.78;1.01;-8.18;-2.07;5.5;0.13
-5.38;-1.51;-9.59;-3.18;-2.23;-11.58;-3.46;-0.62;5.96;0.5;2.25;-9.38;-2.41;3.27;-1.84
-5.71;-1.2;-5.96;-1.49;-2.53;-10.43;-6.93;1.54;4.62;0.61;4.37;-11.01;-1.78;1.48;-1.85
-4.91;-2.78;-4.37;-4.17;-1.11;-9.86;-6.87;2.16;4.29;0.87;5.37;-15.95;-1.1;0.81;1.17
-4.74;-1.3;-5.79;-6.61;-0.95;-11.78;-4.72;1.31;1.76;0.19;3.87;-18.46;-2.16;3.9;1.95
-2.6;-2.66;-5.74;-4.87;-2.04;-9.84;-5.31;0.9;0.28;1.88;2.92;-18.56;0.02;2.41;0
-2.41;-3.8;-4.9;-5.09;-2.1;-9.86;-9.14;1.41;1.48;0.93;3.23;-15.5;-0.36;0.73;-4.14
-4.59;-4.08;-4.96;-3.45;-2.32;-12.06;-3.69;-1.91;2.75;-2.69;5.89;-14.5;-1.75;0.71;-4.07
-5.81;-3.45;-6.91;-4.22;-2.23;-15.73;-2.05;-0.03;0.23;-1.18;9.07;-15.8;-0.34;-1.82;-1.41
-4.8;-6.36;-7.29;-3.36;-2.28;-13.49;-2.14;0.5;2.55;-0.48;9.6;-19.01;0.52;-1.84;-1.21
-3.71;-6.65;-6.69;-2.67;-5.86;-11.41;-2.17;2.46;4.28;-0.93;8;-13.48;-0.28;-1.46;-0.58
-1.63;-4.09;-4.62;-3.02;-7.77;-11.89;-1.83;2.4;2.76;-2.26;3.69;-11.11;-1.09;-0.37;0.46
-3.28;-4.46;-3.97;-2.92;-8.6;-14.28;-2.8;1.38;4.95;-2.14;5.26;-13.64;-0.02;3.15;1.58
-0.25;-5.4;-5.38;-2.86;-8.1;-16.18;-3.19;0.77;5.26;-1.23;6.36;-12.05;2.25;2.76;1.16
3.38;-4.57;-5.76;-2.96;-7.82;-14.38;-5.92;-1.04;1.58;-4.24;5.49;-10.33;4.76;-0.75;1.06
-0.17;-5.77;-5.23;-4.37;-9.31;-11.89;-6.46;2.08;1.54;-1.01;2.83;-11.63;4.15;-2.04;1.28
-2.21;-5.69;-6.34;-3.86;-7.87;-12.39;-5.87;4.51;2.43;2.05;1.64;-13.7;3.61;0.03;0.69
-1.21;-5.53;-5.01;-3.79;-4.85;-13.39;-5.45;4.35;0.88;0.35;0.48;-15.21;0.99;1.42;2.03
-2.54;-7.53;-4.12;-3.44;-4.74;-11.3;-7.23;5.12;-0.41;-0.48;-0.45;-14.4;0.42;-0.24;0.56
-4.74;-6.54;-3.76;-2.68;-3.46;-12.55;-8.04;4.2;1.02;-1.31;0.66;-11.88;1.69;1.05;1.42
-1.59;-7.56;-6.17;-2.41;-4.81;-13.16;-6.99;4.67;2.56;0.19;-0.57;-10.17;-1.91;1.76;2.42
0.93;-6.47;-5.73;-3.52;-3.61;-13.52;-8.03;3.59;2.09;-1.08;0.31;-13.63;-3.31;0.02;2.41
-0.21;-7.11;-3.8;-1.6;-3.57;-14.25;-7.84;2.69;1.05;-0.43;0.96;-12.67;-1.04;-0.09;3.72
-1.08;-9.35;-1.94;1.76;-3.45;-12.76;-6.26;3.2;2.77;3.16;0.9;-12.73;-2.86;1.98;5.46
-2.53;-6.96;-2.22;1.26;-3;-15.27;-5.68;4.97;3.73;4.64;-0.57;-11.06;-2.3;6.42;5.52
-1.13;-5.93;-2.29;-1.46;-3.12;-16.77;-7.07;5.81;3.72;4.62;-0.9;-14.95;2.86;6.64;4.47
-0.25;-4.84;-3.19;-0.82;-4.21;-14.45;-7.62;4.57;3.36;2.94;-0.84;-15.25;-0.73;5.79;5.58
-3.19;-4.74;-2.88;-2.58;-2.97;-14.12;-7.82;2.46;3.71;4.66;-2.59;-13.23;-2.92;3.33;5.87
-4.18;-5.93;-1.97;-1.26;0.8;-17.47;-8.99;1.07;1.75;5.18;-1.25;-17.81;-6.75;4.53;6.99
-3.95;-7.45;-2.57;-2.68;1.15;-17.92;-6.9;0.12;3.24;2.57;0.17;-20.47;-6.17;5.93;5.69
-5.43;-9.47;-3.07;-2.7;1.83;-17.99;-8.61;1.17;3.84;3.11;0.56;-16.25;-4.64;4.72;4.73
-4.46;-5.78;-2.28;-2.07;-1.53;-16.08;-9.48;2.55;2.4;3.46;1.04;-17.03;-1.96;4.74;4.21
-2.79;0.34;-1.44;-2.89;-1.27;-18.28;-8.44;4.44;4.19;4.23;-1.05;-17.58;-3.36;2.79;3.99
-2.35;1.49;-0.97;-3.52;0.48;-16.49;-8.66;2.25;5.55;2.6;-1.11;-22.27;-1.64;2.43;5
-1.68;-3.73;-3.96;-5.36;-0.22;-14.08;-5.66;-1.23;2.68;2.9;0.13;-22.39;-3.18;5.59;5.05
-5.43;-2.77;-5.4;-5.06;-1.21;-13.86;-9.76;-1.01;-0.2;2.43;-0.16;-21.79;-9.12;5.44;3.97
-4.36;-0.25;-5.74;-5.12;-0.17;-17.57;-11.67;0.86;2.4;2.13;0.4;-15.72;-9.79;3.2;2.75
-4.74;-1.55;-5.74;-4.77;0.97;-16.57;-12.84;2.42;1.13;2.9;0.81;-16.12;-9.36;3.46;2.73
-2.66;-2.83;-4.52;-4.42;0.53;-14.83;-13.74;2.14;0.27;4.53;2.15;-14.85;-7.37;4.24;3.63
-2.88;0.41;-7.24;-5.23;0.78;-12.63;-8.94;0.81;-0.39;5.13;1.76;-18.52;-6.5;3.84;1.56
-3.77;-1.17;-6.69;-5.28;0.07;-14.96;-8.42;-1.15;-0.26;3.12;1.55;-18.16;-2.85;-0.53;2.43
-6.14;-4.93;-7.59;-4.25;-0.52;-17.61;-11.38;-2.2;-1.8;2.89;1.39;-13.93;-4.69;-0.77;0.93
-4.31;-4.53;-5.17;-5.27;2.36;-18.57;-11.18;-2.54;-2.29;1.96;2.01;-10.99;-2.78;0.64;0.85
-2.44;-2.68;-4.36;-3.67;-0.3;-17.94;-12.97;-3.47;0.46;0.04;2.12;-9.99;-3.52;1.29;2.7
-3.17;-1.88;-5.91;-5.38;-2.7;-19.39;-11.93;-2.33;-1.76;-1.36;2.19;-13.26;-5.26;-0.87;0.98
-2.66;-3.52;-5.66;-4.64;-3.42;-19.19;-8.16;-1;-2.07;-0.38;0.39;-15.41;-3.87;-1.96;0.04
-4.19;-3.99;-5.74;-7.11;-4.78;-20.78;-8.2;0.12;0.94;-0.71;2.46;-14.85;-3.53;-0.63;-1.19
-3.53;-2.3;-4.39;-5.04;-5.99;-19.58;-5.56;-1.46;-0.9;-1.97;6.28;-15.02;-0.37;-0.76;-2.27
-4.26;-2.96;-4.67;-3.93;-4.37;-20.65;-5.31;-1.8;-1.94;-1.97;5.66;-15.03;-3.47;-1.1;-0.66
-5.11;-3.08;-6.3;-3.46;-3.6;-18.26;-3.36;-2.43;-2.87;-0.13;1.58;-15.95;-2.96;-1.51;-0.09
-0.92;-4.86;-6.19;-5.47;-2.72;-19.02;-4.58;-3.79;-1.18;-1.74;-0.05;-14.88;-2.6;-0.19;-1.34
-0.39;-4.97;-5.15;-4.03;-4.68;-17.75;-7.81;-1.77;0.69;-0.23;2.15;-15.34;0.74;0.08;-2.94
-0.85;-4.35;-4.34;-0.39;-4.45;-18.41;-9.7;-1.14;-0.54;0.49;2.65;-18.72;0.18;-0.16;-2.75
-1.11;-4.41;-3.66;-0.31;-7.77;-17.02;-9.12;-1.24;0.24;0.38;2.19;-15.9;3.43;1.13;-1.59
-1.16;-6.62;-3.51;-1.64;-5.55;-14.37;-9.28;-1.53;2.06;-1.65;0.31;-11.22;5.98;-0.69;2.4
1.4;-7.33;-4.76;-2.3;-7.45;-13.03;-9.81;-0.3;2.46;-1.29;3.01;-17.43;-0.32;-3.77;3.33
0.94;-3.08;-2.99;-2.11;-7.06;-16.32;-10.44;1.67;2.57;1.46;1.59;-19.33;-0.67;-3.32;2.8
-0.52;-1.91;-0.93;-3.21;-4.52;-17.32;-11.3;2.41;3.69;-0.77;-2.04;-21.71;1.64;-0.35;1.84
-0.03;-2.3;-2.48;-0.58;-3.09;-16.03;-9.14;1.19;1.43;-0.07;-4.92;-25.5;1.72;1.21;3.77
1.18;-4.81;-3.88;2.9;-3.28;-16.18;-7.74;1.49;2.23;0.02;-3.29;-21.2;0.74;3.59;4.05
-0.08;-6.86;-7.98;1.29;-3.66;-18.97;-5.28;2.37;2.37;1.3;-0.64;-22.43;-1.67;3.58;3.35
-0.55;-6.43;-6.98;-2.27;-1.65;-18.08;-6.83;0.58;3.31;2.61;-2.64;-23.59;-3.47;-2.16;5.59
0.16;-7.25;-3.18;-3.29;-3.5;-13.58;-10.01;-0.73;4.12;2.16;-0.65;-22.73;-6.08;-1.93;6.1
-0.53;-6.57;-2.85;-1.14;-1.96;-14.27;-9.51;0.14;5.34;-0.39;-0.33;-21.72;-5.5;2.2;6.68
-4.4;-6.15;-1.95;-3.39;-0.74;-11.89;-9.65;1.5;6.27;1.31;-0.67;-21.91;-3.46;5.3;7.17
-4.84;-5.03;0.16;-2.72;-2.33;-12.96;-9.33;2.33;6.58;2.03;-0.92;-14.68;-1.74;5.37;4.96
-3.82;-5.4;-0.88;-1.43;-5.07;-13.89;-8.69;2.04;6.43;0.03;0.96;-14.54;-3.38;4.95;5.42
-5.28;-3.75;-2.53;-1.4;-2.49;-14.13;-9.85;1.63;5.92;-0.61;-3.01;-14.63;-4.6;6.22;3.09
-5.67;-2.51;-2.54;-2.75;-0.29;-15.75;-11.28;0.71;3.59;-1.8;-3.53;-14.4;-10.01;5.82;4.26
-6.8;-5;-1.95;-1.83;1.59;-20.33;-13.35;-1.38;1.5;-2.53;-1.91;-16.98;-6.32;6.84;5.84
-4.31;-6.03;-4.9;-3.54;1.7;-16.78;-14.84;-0.63;4.01;0.77;0.26;-18.97;-6.8;7.77;4.43
-2.21;-4.92;-8.12;-0.61;1.06;-19.11;-14.81;0.4;5.93;3.33;0.44;-17.18;-6.94;5.02;2.65
-1.69;-4.61;-7.43;-1.76;1.93;-20.56;-11.77;-1.49;4.27;2.36;0.26;-13.4;-4.55;1.95;4.25
-3.9;-5.42;-6.13;-2.22;3.19;-20.02;-11.52;-1.45;4.81;2.49;0.31;-12.71;-3.91;2.46;4.84
-3.45;-4.48;-6.18;-3.12;1.11;-21.73;-10.3;-1.81;3.12;2.16;1.01;-18.57;-2.3;4.86;4.36
-5.45;-3.02;-7.73;-3.04;0.46;-22.14;-13.12;-1.36;1.6;1.92;1.74;-17.59;-6.81;4.26;5.2
-6.61;1.27;-8.66;-4.2;1.16;-22.76;-12.53;0.26;3.64;-0.43;0.91;-13.9;-7.35;2.83;6.68
-6.83;-1.61;-8.27;-5.22;1.07;-22.29;-9.22;0;2.75;-1.46;3.02;-13;-8.44;3.17;4.57
-4.66;-2.03;-8.72;-4.91;0.78;-26.76;-8.2;0.3;2.36;-2.53;1.54;-11.19;-8.85;1.71;4.24
-3.87;-3;-8.19;-5.38;0.12;-26.21;-9.53;-0.71;2.66;-1.49;-0.89;-9.17;-7.85;2.14;3.18
-4.53;-4.53;-6.23;-6.71;-2.14;-20.59;-7.57;-3.08;2.76;-2.58;-0.82;-9.79;-8.4;0.54;1.44
-5.37;-4.83;-6.38;-7.63;-3.65;-18.41;-7.91;-2.79;3.31;-1.41;0.35;-8.49;-7.8;0.7;-0.76
-4.53;-3.74;-7.71;-6.2;-3.81;-16.71;-9.78;-2.45;2.18;-1.65;2.11;-8.24;-4.87;0.95;0.49
-6.65;-4.05;-8.74;-6.58;-1.32;-16.85;-5.29;-0.97;-0.4;-1.27;2.24;-10.55;-4.79;-2.81;1.37
-6.56;-4.53;-8.59;-8.2;0.27;-16.43;-2.78;1.1;-0.5;-1.4;0.1;-10.59;-3.14;-2.38;0.98
-4.22;-2.04;-10.29;-8.05;-2.08;-22.93;-2.38;-0.76;-0.25;-3.3;-0.26;-9.22;-3.44;-1.47;0.12
-2.88;-2.7;-10.29;-5.55;-1.99;-25.56;-1.89;0.56;-0.24;-4.77;2.3;-8.73;-3.52;-1.65;-1.7
-3.61;-3.45;-9.27;-4.81;-2.67;-23.54;0.59;-2.16;-1.62;-1.71;4.3;-13.43;-3.18;-0.94;-2.24
-2.88;-1.58;-11.29;-6.53;-0.89;-22.38;-3.55;-3.03;0.73;1.17;1.27;-21.2;-4.61;-1.6;-2
-1.82;-2.63;-10.29;-5.66;-3.15;-19.53;-5.97;-2;2.5;-0.58;-0.47;-22.9;-0.99;-4.34;-1.23
-2.68;-6.52;-9.27;-5;-5.44;-22.13;-7.64;-1.77;-0.39;-1.47;-2.25;-19.15;-0.72;-5.07;0.23
-2.61;-4.55;-7.06;-5.09;-5.37;-23.31;-6.6;-0.6;0.8;-0.51;-3.02;-22.91;0.57;-3.17;0.8
-1.68;-3.91;-7.28;-5.09;-7.13;-21.14;-7.09;-1.64;1.03;-1.63;-1.02;-19.84;0.56;-2.89;-0.53
-1.54;-2.92;-5.57;-4.7;-6.64;-20.49;-7.11;-0.09;0.93;-1.82;1.21;-20.21;2.01;-0.74;-0.84
1.66;-1.44;-3.61;-5.22;-4.13;-24.12;-9.53;0.03;0.89;-1.14;-0.86;-17.33;2.8;-2.98;-0.2
0.11;-2.73;-3.77;-2.85;-4.69;-25.03;-10.02;1.75;1.94;0.04;-1.33;-14.03;2.09;-7.47;1.85
-0.62;-4.73;-4.27;-4.77;-2.64;-23.61;-8.87;0.94;1.91;1.92;-1.82;-12.63;4.46;-3.52;2.57
0.88;-6.08;-3.46;-5.04;-3.65;-19.5;-9.35;1.5;0.51;1.43;0.16;-19.25;1.01;1.35;1.11
-1.17;-5.21;-4.14;-3.19;-4.2;-19.78;-9.64;3.52;2.13;0.33;0.74;-23.12;2.5;3.14;3.36
-3.12;-4.84;-5.25;-1.97;-1.35;-15.7;-10.66;1.74;4.51;-2.76;1.95;-26.12;3.71;-0.39;3.38
-0.14;-8.71;-3.51;-1.61;-3.39;-16.89;-11.69;0.43;3.97;-0.56;0.91;-24.78;0.77;0.38;4.21
-0.06;-8.74;-3.18;-0.38;-7.03;-16.05;-10.59;3;3.17;-0.72;-1.19;-22.1;-1.19;-0.76;3.67
-1.46;-5.64;-2.76;-2.04;-7.49;-11.18;-8.28;1.57;2.87;-0.43;-1.08;-18.96;-1.98;-1.97;5.01
-1.27;-5.91;-2.21;-2.47;-3.24;-13.6;-10.63;0.61;3.29;-0.06;-0.8;-20.6;-0.6;-0.46;4.95
-2.11;-4.6;-3;-4.86;-1.03;-12.19;-8.9;1.26;4.12;1.28;-1.46;-21.97;-0.54;3.89;4.26
-2.29;-4.9;-4.29;-2.1;-2.92;-9.9;-9.02;1.13;5.45;1.45;-1.73;-18.86;1.14;2.15;5.08
-0.26;-5.96;-2.32;1.47;-3.89;-8.64;-13.06;-0.29;4.75;1.48;-0.38;-16.66;-2.97;1.52;5.48
-0.75;-5.85;-2.11;0.46;-0.59;-10.07;-12.81;0.18;4.32;0.95;0.25;-21.79;-5.51;4.21;7.34
-0.87;-4.49;-2.42;-0.08;0.35;-12.07;-10.03;-0.66;6.03;0.59;-2.25;-21.76;-9.17;6.27;5.32
-1.39;-5.3;0.33;-0.75;0.47;-13.43;-11.83;-1.72;4.25;0.44;-5.47;-22.65;-5.59;5.83;3.6
-1.73;-7.84;-0.75;-0.41;-0.39;-16.04;-11.91;-0.06;2.26;0.09;-4.42;-22.91;-1.62;3.98;5.36
-2.07;-6;-2.32;-1.06;-0.16;-15.65;-10.5;0.97;3.34;0.35;-5.64;-19.02;-2.63;2.26;4.9
-2.51;-5.47;-2.94;-0.81;1.08;-16.4;-16.19;1.84;3.33;-1.24;-5.22;-16.82;-1.99;1;3.27
-1.41;-6.06;-1.47;-1.59;1.93;-17.89;-15.86;-1.77;2.42;-1.96;-6.95;-16.82;-2.35;-0.7;4.47
-2.26;-5.25;-2.6;-2.47;0.73;-20.12;-15.44;-0.85;2.35;-2.63;-9.72;-19.45;-3.56;0.07;3.33
-4.28;-5.75;-5.02;-2.89;2.17;-18.82;-15.97;-0.45;0.11;-2.62;-9.19;-19.56;-6.14;3.5;3.23
-3.99;-5.04;-2.72;-2.37;3.33;-15.94;-15.12;0.76;-1.55;-0.59;-3.86;-21.94;-6.61;4.84;5.1
-2.7;-5.26;-3.92;-3.73;2.53;-14.46;-12.89;-0.63;0.28;-2.43;-3.37;-22.11;-7.39;2.22;4.5
-2.37;-4.94;-3.09;-3.14;1.47;-16.93;-10.11;-0.02;0.13;-0.76;-1.2;-21.87;-5.74;-0.25;2.02
-2.95;-4.09;-6.36;-3.88;0.39;-19.67;-10.25;0.44;-0.63;-0.24;-0.92;-21.21;-4.83;1.04;0.25
-1.56;-4.02;-6.86;-4.53;-0.64;-15.8;-12.78;-1.17;-0.78;-0.79;-3.19;-13.98;-5.58;0.37;-0.88
-0.22;-4.12;-7.41;-3.25;-3.16;-15.03;-10.13;-2.36;0.49;-1.55;-6.51;-14.07;-5.03;-1.63;-0.38
0.23;-3.02;-7.58;-5.63;-2.08;-15.45;-12.81;-0.78;0.3;-2.62;-2.08;-13.76;-4.11;-1.35;2.67
-0.7;-2.39;-8.09;-5.82;-1.71;-12.72;-11.14;-2.52;0.17;-0.31;-1.02;-13.7;-6.68;-3.59;0.91
0.15;-4.42;-8.78;-4.22;-1.12;-10.04;-10.16;-3.35;0.28;-0.1;-2.07;-14.75;-4.34;-2.73;0.47
-1.01;-4.09;-5;-5.27;-2.11;-9.63;-12.36;-2.23;1.05;-2.86;-4.35;-16;-3.65;-2.33;0.97
-1.08;-3.3;-5.61;-3.56;-3.6;-10.64;-10.99;-2.96;1.41;-3.96;-3.01;-17.84;-3.41;-2.73;-1.53
-1.11;-2.67;-6.53;-2.53;-3.87;-10.25;-6.56;-4.1;-0.49;-2.4;-0.34;-19.13;-0.32;-3.92;-1.9
-1.59;-2.33;-6.34;-2;-2.67;-14.57;-7.61;-4.68;1.19;-1.82;0.45;-18.63;-1.09;-3.11;-1.02
-0.45;-5.63;-4.4;-2.7;-4.79;-12.68;-5.57;-3.81;2.9;-2.77;-2.09;-13.81;-0.46;-4.89;-2.19
0.68;-5.3;-5.48;-5.62;-4.61;-12.48;-3.44;-1.57;2.25;-2.99;-1.59;-18.29;2.16;-5.59;-3.29
1.45;-5.35;-5.11;-5.76;-3.62;-10.66;-6.7;-2.13;1.44;-2.5;-1.9;-24.04;1.64;-5.3;-2.35
1.56;-5.84;-5.51;-5.6;-6.91;-11.61;-5.63;-0.5;2.58;-3.58;-0.97;-27.25;1.99;-2.72;-0.69
1.63;-7.22;-7.74;-4.68;-6.45;-13.83;-5.08;-0.46;0.56;-4.02;1;-26.61;4.68;-2.84;-0.4
1.46;-6.51;-6.74;-1.56;-7.78;-11.27;-7.64;-1.84;0.57;-1.3;-1.11;-26.17;4.91;-2.73;0.83
0.34;-5.55;-5.99;-1.54;-4.79;-12.04;-6.97;-2.31;3.23;-0.29;-0.97;-26.69;3.45;-5.65;0.79
1.87;-4.12;-9.48;-4.47;-4.13;-12.24;-6.9;-1.01;1.31;-1.41;-2.81;-26.61;2.45;-4.22;0.76
-2.74;-4.61;-8.04;-7.12;-5.54;-15.52;-7.52;1.47;0.1;-2.26;-5.84;-23.98;0.57;-0.09;-0.19
-1.09;-7.2;-4;-2.13;-5.44;-15.19;-4.46;2.45;4.03;-0.84;-5.08;-26.37;2.31;0.67;-0.66
-1.89;-6.67;-5.06;0.29;-6.05;-13.74;-8.93;2.81;5.2;1.05;-5.59;-28.38;2.93;-0.73;0.98
-1.57;-6.61;-6.74;-0.94;-6.88;-13.55;-12.11;1.3;2.99;-0.35;-3.7;-27.51;0.58;0.82;0.8
-1.57;-4.06;-7.63;-1.89;-3.68;-10.76;-12.65;0.8;4.88;-3.2;-3.82;-28.7;-1.79;1.76;2.06
-3.27;-5.16;-4.96;-2.88;-2.15;-10.36;-9.22;1.34;4.42;0;-3.42;-24.3;-2.97;-0.73;3.62
-0.98;-6.04;-3.38;-1.85;-1.72;-10.83;-9.74;0.7;3.35;-0.42;-2.94;-22.51;-4.22;1.41;2.4
-0.35;-8.81;-3.27;-2.37;-2.6;-14.63;-9.36;0.93;2.85;-1.41;-4.07;-20.12;-2.63;2.39;3.52
-1.17;-8.46;-3.06;-1.84;-5.15;-13.08;-8.72;1.44;6.31;-0.95;-3.73;-19.05;-3.16;1.79;7.5
-2.15;-6.58;-1.51;-0.2;-5.73;-9.79;-6.13;1.36;5.11;2.01;-5.03;-18.9;-5.51;3.24;6.23
-2.53;-4.14;-0.44;0.08;-2.31;-6.51;-6.2;3.84;3.4;1.37;-7.32;-21.21;-4.34;3.37;4.98
-2.31;-4.35;0.38;0.77;0.22;-10.56;-7.48;1.82;4.27;2.15;-4.67;-23.72;-8.23;5.21;4.06
-1.56;-7.05;-1.65;-0.8;0.79;-15.59;-7.74;-2.26;3.96;0.9;-2.35;-17.45;-8.02;3.43;4.3
-2.6;-8.57;-1.86;-2.57;0.54;-14.68;-8.19;-2.07;2.38;-0.38;-4.14;-16.38;-8.38;3.52;3.37
-2.2;-6.1;-3.71;-2.58;0.84;-12.93;-7.4;-1.41;2.48;-0.31;-4.61;-18.78;-11.58;0.84;5.04
-1.13;-5.5;-2.72;-2.49;-0.1;-15.08;-7;-0.37;3;3.05;-3.73;-25.65;-10.61;1.72;6.51
-3.47;-6.64;-1.85;-2.14;-1.31;-15.25;-5.69;0.03;1.61;3.58;-2.21;-31.45;-11.16;3.72;5.57
-3.63;-3.47;-3.33;-2.22;0.06;-19.71;-5.44;0.73;1.28;1.61;-5.22;-26.61;-8.72;3.95;1.76
-2.21;-4.42;-3.14;-2.54;-0.48;-18.35;-7.09;-1.02;0.24;0.03;-6.03;-25.02;-10.57;4.9;2.47
-5.31;-0.79;-3.82;-2.98;-1.24;-18.38;-5.38;-0.17;-0.5;2.51;-3.56;-24.43;-11.83;1.15;3.42
-5.43;0.56;-6.1;-3.42;0.18;-17.45;-3.11;-1;2.48;1.4;-0.67;-23.19;-10.95;-2.49;0.08
-4.34;-0.39;-7.53;-2.41;0.82;-14.55;-3.22;-2.04;2.58;-0.2;-1.74;-25.65;-7.54;-0.19;1.9
-3.94;-2.19;-6.2;-2.88;0.76;-10.93;-7.48;-0.63;0.75;-3.05;-4.64;-23.97;-7.36;-0.05;0.59
-6.56;-1.38;-4.44;-2.74;0.89;-15.13;-9.54;-0.91;0.02;-1.21;-3.85;-22.64;-7.75;-0.97;-2.46
-4.36;-1.88;-4.53;-1.44;2.34;-19.17;-8.94;-4.51;-0.29;-1.34;-5.94;-19.22;-7.46;-1.33;-3.82
-0.66;-0.61;-3.7;-1.65;0.73;-18.63;-10.21;-4.62;0.66;0.65;-2.68;-24.54;-4.59;-2.15;-3.22
-1.79;-3.42;-4.51;-0.01;0.19;-18.75;-10.96;-1.54;-0.43;1.67;0.9;-24.23;-5.81;-2.9;-0.75
-2.81;-3.78;-5.6;-5.55;-2.22;-16.67;-10.28;-2.69;-0.84;-0.52;2.85;-16.97;-5.89;-3.44;-3.67
-2.77;-4.14;-7.08;-5.31;-2.26;-15.78;-10.22;-3.3;0;-2.26;-0.39;-14.74;-6.85;-2.61;-3.84
-4.03;-2.71;-6.69;-5.74;-0.86;-13.11;-11.21;-4.06;0.91;-2.87;-1.94;-18.92;-5.36;-2.74;-5.7
-4.73;-4.39;-7.43;-3.31;-1.92;-11.49;-10.71;-5.36;0.6;-4.33;-3.18;-17.4;-5.73;-4.62;-5.46
-2.48;-5.81;-7.68;-1.54;-3.27;-13.59;-11.02;-2.49;0.95;-2.22;0.58;-19.87;-7.08;-3.66;-3.77
1.14;-4.2;-7.39;-2.86;-2.45;-14;-10.51;-1.84;1.34;-3.94;-0.45;-18.29;-4.88;-5.13;-2.99
1.37;-5.11;-6.93;-2.58;-2.41;-14.84;-6.97;0.09;-1.03;-4.48;-2.94;-21.78;-2.05;-7.13;-4.03
-1.14;-4.3;-5.88;0.12;-4.72;-14.77;-5.86;0;-2.11;-1.41;-3.1;-18.64;-1.83;-5.16;-0.97
-0.94;-6.12;-5.17;-2.29;-3.06;-13.13;-7.02;-1.28;-1.14;-3.12;-0.44;-24.35;0.48;-2.82;-2.2
0.7;-7.56;-5.88;-4.7;-6.56;-15.85;-7.11;-0.35;-0.04;-5.69;0.01;-24.55;0.99;-4.5;-0.53
2.45;-8.05;-4.34;-4.44;-9.65;-14.92;-5.28;-1.06;1.15;-3.51;-0.47;-22.79;5;-5.42;-1.99
-0.75;-5.45;-6.94;-4.6;-6.84;-13.72;-4.36;-0.22;0.64;-2.93;-4.15;-20.54;3.14;-5.14;-2.81
-1.62;-6.1;-7.37;-6.06;-7.3;-11.56;-6.21;0.51;-0.09;-2.76;-2.01;-21.61;0.32;-2.33;-0.34
-3.21;-7.47;-6.53;-5.67;-3.78;-12.66;-5.93;-1.49;-0.72;-1.97;-5.09;-24.15;1.22;-2.8;-0.32
-2.5;-8.63;-4.53;-2.78;-2.18;-15;-8.69;-2.58;0.53;-0.51;-5.75;-20.24;-1.64;-2.11;-1.87
-2.32;-4.93;-5.52;-0.86;-1.58;-15.24;-8.57;-2.97;-0.38;-2.22;-1.19;-18.07;-3.01;-1.17;-0.28
-1.32;-5.93;-5.14;-1.9;-2.9;-14.7;-8.74;-0.27;-0.35;-0.77;1.32;-15.55;-3.38;-0.92;0.31
-2.44;-5.94;-5.23;-1.04;-4.57;-14.43;-7.69;2.8;1.9;0.37;-1.02;-15.04;-4.03;-3.6;0.6
-2.46;-3.98;-0.89;-0.73;-2.34;-11.67;-8.37;-0.29;1.04;0.97;-5.25;-13.95;-4.88;-1.75;0.16
-4.61;-4.03;-1.64;0.99;-1.71;-9.6;-12.17;1.52;1.21;2.8;-6.71;-13.09;-2.42;-0.09;0.02
-3.72;-5.84;-1.34;1.62;-1.42;-11.71;-9.52;1.17;3.7;-0.45;-6.47;-14.26;-0.65;1.66;3.69
-0.74;-6.01;-0.25;0.56;-3.67;-13.88;-12.91;1.17;4.13;0.34;-4.97;-13.78;-1.08;0.89;3.68
-2.12;-5.45;0.05;1.37;-3.86;-12.05;-12.49;1.66;1.75;0.69;-2.75;-13.96;-2.44;2.6;4.67
-3.23;-4.72;1.14;-2.38;-2.95;-8.2;-13.88;1.05;-0.14;0.77;-2.39;-13.31;-3.99;3.32;3.29
-4.07;-4.65;-0.13;-2.93;-2.11;-8.21;-12.57;-1.23;1.39;-0.24;-1.78;-17.71;-10.77;4.1;2.32
-3.82;-7.6;-0.45;-2.15;-0.46;-8.97;-10.44;0.01;3.18;0.64;0.68;-16.48;-8.13;1.2;3.53
-2.95;-5.77;-1.74;-0.33;-1.14;-13;-8.04;-1.76;1.66;1.18;-0.55;-17.09;-5.08;0.62;1.29
-0.76;-2.9;-4.69;0.04;0.39;-15.07;-8.14;-2.01;1.6;-0.08;-1.47;-15.39;-6.94;1.94;1.72
-2.11;-2.43;-3.1;-2.03;2.67;-18.29;-6.35;-0.15;0.04;-1.71;-2.09;-10.65;-7.9;1.05;2.57
-2.38;-2.13;-2.12;-4.58;2.15;-19.08;-4.77;-0.49;-1.92;-0.3;-1.86;-17.44;-8.37;2.12;3.05
-3.1;-2.22;-2.46;-1.35;-1.05;-18.77;-4.33;-3.03;-1.27;1.67;-0.9;-25.42;-7.17;1.96;1.94
-4.53;0.49;-3.07;-0.37;-1.82;-18.46;-3.32;-4.4;0.08;0.35;-0.29;-20.59;-10.01;2.83;0.74
-5.56;1.29;-3.54;-2.1;0.03;-18.96;-5.28;-4.14;1.56;1.57;-3.61;-11.83;-6.77;1.31;2.55
-7.87;-0.61;-5.28;-1.88;-0.17;-18.76;-7.68;0.72;-1.19;3.22;-4.51;-8.07;-5.97;-2.01;2.17
-5.32;-3.03;-4.29;-3.79;0.22;-17.87;-5.88;1.95;-2;2.24;-0.88;-8.76;-5.26;-2.35;-2.16
-4.97;-3.85;-4.93;-2.44;0.29;-20.47;-1.83;-2.25;-0.4;0.64;1.56;-12.21;-7.08;-0.89;-2.95
-5.53;-4.19;-2.72;-2.16;-1.19;-20.09;-1.58;-2.16;-0.03;-2.43;-2.5;-15.91;-5.52;-2.55;-3.69
-4.79;-5.48;-4.57;-2.55;-0.34;-17.8;-4.47;-2.8;-0.69;-1.4;-5.43;-14.21;-7.05;1.18;-4.62
-3.37;-4.81;-5.04;-0.64;2.06;-19.71;-3.01;-1.95;-2.48;1.9;-1.52;-17.85;-3.7;0.33;-1.99
-3.89;-4.91;-3.69;-1.52;2.43;-15.72;-2.5;-0.98;-2.88;-0.11;0.92;-16.35;-2.92;-2.33;-1.83
-4.24;-4.94;-4.6;-3;-0.14;-16.57;-3.47;-1.16;-3.49;-2.01;0.04;-15.91;-3.77;-1.39;-3.87
-3.69;-3.72;-6.25;-4.53;-2.24;-17.57;-5.79;-2.33;-2.1;-3.88;-2.69;-14.57;-2.63;-1.01;-5.29
-3.66;-2;-4.39;-5.59;-1.76;-17.31;-8.81;-3.47;-0.62;-2.77;-2.07;-7.05;-3.43;-4.65;-6.9
-0.23;-5.96;-4.09;-3.65;-1.84;-14.74;-8.13;-3.89;-0.67;-4.51;0.69;-9.46;-4.25;-5.4;-6.17
-2.24;-5.91;-5.46;-3.13;-1.3;-16.93;-11.18;-2.68;-1.06;-2.84;0.08;-14.82;-6.62;-4.67;-4.8
-2.16;-4.93;-5.66;-2.38;0.07;-17.44;-8.37;-0.77;-2.03;-0.75;-1.38;-16.35;-3.41;-5.35;-4.14
-0.5;-5.23;-3.86;-2.61;-3.36;-18.11;-6.99;-1.77;-1.12;-1.75;-2.37;-12.98;-0.73;-3.63;-5.89
-0.45;-6.39;-3.97;-1.61;-5.67;-16.91;-8.44;-1.64;-2.91;-3.89;-2.31;-12.97;1.1;-2.6;-4.76
-1.77;-4.94;-4.99;-4.43;-8.01;-17.28;-9.06;-1.05;-2.58;-6.64;-0.12;-11.26;0.27;-4.39;-4.33
1.09;-5.35;-7.32;-2.57;-8.18;-17.59;-4.6;-1.81;0.87;-6.14;-1.62;-9.87;1.62;-3.23;-4.75
3.29;-3.08;-3.37;-0.53;-10.24;-17.41;-4.08;-1.97;1.19;-1.36;-3.53;-12.45;5.01;-3.29;-2.72
1.28;-3.3;-1.4;-1.1;-5.47;-13.69;-6.49;-2.35;1.57;0.11;-1.96;-19.35;1.42;-3.19;-2.51
-1.62;-4.19;-0.73;-0.99;-3.79;-13.94;-9.06;-0.78;0.51;-2.45;-2.81;-16.55;1.66;-0.39;-0.97
-1.01;-4.46;1.43;-4.02;-4.28;-15.57;-9.9;-0.05;-3.08;-4.55;-4.01;-14.36;0.68;1.81;-1.37
-1.09;-4.15;-2.82;-3.45;-3.69;-16.52;-9.43;0.2;-0.96;-3.36;-4.08;-9.75;0.32;0.81;-1.91
-1.69;-5.24;-2.06;-3.23;-4.17;-15.71;-9.45;0.43;1.71;-3.4;-1.2;-10.62;0.31;-0.19;-0.44
-1.43;-5.25;-3.08;-2.26;-3.77;-16.68;-8.28;-0.46;1.67;-1.9;-2.38;-15.71;1.05;0.89;-0.54
-3.78;-6.28;-3.8;-1;-4.52;-16.66;-10.35;0.58;0.17;-0.72;-4;-18.63;2.2;-0.65;1.53
-5.27;-7.36;0.45;-0.28;-4.32;-16.38;-10.31;1.94;1.38;-0.83;-2.4;-18.29;0.42;-0.66;1.9
-3.25;-2.2;1.68;1.12;-2.15;-11.94;-7.13;3.12;3.11;-0.61;-1.73;-15.97;-0.22;3.32;0.85
-3.07;-2.53;-0.08;0.53;0.6;-13.64;-8.38;4.12;1.81;-2.69;-3.38;-15.25;-1.54;3.35;2.06
-3.26;-3.78;-2.83;-2.74;0.22;-17.08;-10.08;-1.02;1.67;-3.11;-3.76;-11.06;-2.85;3.51;3.5
-2.82;-4.9;-3.36;-3.38;-1.35;-18.2;-9.09;-3.72;1.21;-1.19;-2.56;-9.85;-2.2;3.14;3.65
-2.15;-3.26;1;-4.68;-2.94;-14.46;-8.52;-3.69;-0.39;-1.21;-4.93;-7.26;-2.84;3.27;2.59
-5.89;-1.17;2.31;-3;-2.27;-14.78;-14.06;-2.39;0.06;-2.76;-5.4;-6.1;-8.3;5.54;2.67
-3.95;-1.76;0.23;-1.51;-0.99;-18.84;-9.57;-1.49;1.61;-1.98;-3.34;-7.15;-8.25;7.24;4.47
-1.01;-4.29;-2.41;-2.41;-0.3;-18.65;-8.15;-0.95;0.81;-1.31;-2.83;-4.66;-6.03;4.13;2.63
-3.79;-3.23;-2.86;-0.49;0.54;-18.93;-10.56;-3.45;0.57;-2.97;-3.86;-4.43;-4.57;1.49;4.39
-4.88;-2.88;-4.2;-0.66;2.06;-18.57;-10.56;-4.14;0.5;-2;-3.42;-6.99;-4.37;0.05;3.55
-4.3;-4.7;-4.14;-2.53;2.25;-14.68;-8.93;-4.05;-0.44;-2.29;-2.33;-6.04;-5.69;3.16;3.49
-4.02;-3.64;-2.37;-3.61;1.74;-16.82;-10.58;-4.75;-1.55;-1.68;-4.27;-6.96;-4.24;5.66;1.15
-7.93;-3.78;-2.23;-3.24;0.36;-18.1;-9.62;-3.36;-2.67;-2.92;-3.99;-5.88;-7.39;5.19;-0.03
-7.75;-1.92;-1.24;-3.77;1.22;-19.75;-6.01;-0.36;-1.01;-3.68;-5.03;-2.09;-5;2.25;1.84
-7.69;1.78;-2.56;-3.42;0.41;-16.82;-6.14;-1.9;2.51;-3.87;-5.16;-1.23;-5.35;1.61;0.82
-5.98;-1.15;-3.61;-2.41;2.03;-16.39;-6.73;-1.05;1.34;-4.33;-4.07;-3.89;-5.26;0.5;-0.18
-5.37;-3;-3.84;-4.43;2.89;-17.9;-6.24;-0.91;-0.32;-2.39;-4.59;-4.98;-5.84;3.26;-0.06
-5.73;-3.12;-2.75;-3.02;0.75;-17.59;-4.54;-1.65;-1.25;-3.51;-5.83;-6.7;-5.57;1.13;-0.87
-6.91;-3.91;-4.42;-1.84;-1.56;-18.23;-2.99;-1.98;-2;-1.4;-4.18;-5.24;-4.81;0.33;-0.9
-7.72;-4.05;-4.16;-2.32;-0.41;-18.31;-2.62;-1.35;-1.17;-2.77;-0.93;-5.66;-3.35;-1.71;-2.71
-9.89;-0.69;-3.86;-2.36;-1.72;-17.28;-6.23;-3.73;-2.27;-3.34;-0.15;-6.91;-2;-3.56;-2.09
-9.22;-0.79;-4.99;-5.58;-4.1;-14.63;-4.65;-3.85;-2.24;-3.15;-1.55;-7.61;-4.13;-2.17;-0.57
-6.02;-2.43;-5.8;-5.18;-2.1;-16;-1.93;-4.26;-2.6;-2.96;-1.78;-9.64;-5.43;-0.31;-1.96
-5.38;-2.89;-6.69;-3.89;-2.03;-16.68;-1.44;-4.99;-2.3;-3.95;-1.23;-9.78;-3.55;0.11;-2.85
-4.76;-4.07;-6.46;-4.31;-3.26;-15.1;-0.28;-5.29;-0.46;-5.81;-2.26;-11.96;-1.76;-1.53;-3.7
-4.9;-4.22;-7.78;-3.29;-5.16;-16.49;-2.58;-4.78;0.12;-4.53;-4.05;-14.77;-3.81;-3.55;-6.14
-4.86;-6.42;-6.94;-5.02;-5.4;-17.17;-2.6;-3.91;-3.03;-3.43;-4.6;-14.13;-0.17;-3.7;-6.57
-2.74;-6.3;-5.48;-4.42;-3.78;-19.03;-1.49;-3.57;-3.14;-3.09;-6.97;-11.63;0;-1.37;-6.54
-1.42;-7.56;-4.5;-2.83;-5.5;-16.4;-3.7;-1.54;-3.62;-1.14;-7;-11.17;1.44;1.84;-5.74
1.54;-5.92;-5.76;-7.04;-9.3;-16.69;-3.2;-1.96;-1.39;-2.03;-6.53;-12.56;-2.29;2.32;-4.47
-0.88;-5.71;-5.72;-4.96;-6.47;-18.97;-1.33;-0.15;1.09;-1.21;-3.45;-10.58;0.51;-0.16;-2.98
-0.68;-6.58;-4.68;-3.87;-6.6;-17.05;-1.71;0.39;2.26;-1.48;-4.35;-12.87;4.47;-2.06;-0.5
-1.57;-5.76;-4.25;-4.56;-5.75;-15.93;0.96;-0.28;1.59;-4.34;-6.11;-13.52;0.86;-3.51;0.6
-2.07;-6.73;-5;-4.18;-5.96;-16.25;-0.72;1.11;1.07;-2.91;-5.02;-12.63;-0.91;-0.21;-2.47
-5.12;-5.93;-4.51;-3.54;-5.67;-17.61;-1.69;2.14;-1.14;0.72;-7.18;-17.07;0.12;1.29;-1.24
-3.43;-8.56;-2.29;-1.36;-4.9;-18.91;-5.03;1.26;-0.15;-1.57;-9.69;-23.37;-0.11;1.6;-3.1
-2.13;-6.13;-5.86;-1.41;-5.4;-18.2;-4.58;2.16;3.19;-1.2;-7.04;-20.47;0.97;2.46;-2.26
-2.65;-5.31;-5.14;-1.69;-5.35;-14.91;-5.11;1.62;3.93;-0.73;-5.34;-18.12;-2.5;5.72;-1.04
-6.12;-3.38;-5.69;-5.34;-7.06;-16.83;-5.72;4.73;1.8;-0.74;-4.06;-16.07;-2.36;1.76;-0.47
